"month","lc_class","lc_descr","burned_area_km2"
2001-01-01,10,"Crops rainfed",0
2001-01-01,30,"Crop-tree mosaic",0
2001-01-01,60,"Woodland",0
2001-01-01,120,"Shrubland",3.24216
2001-01-01,130,"Grassland",0.810540000000001
2001-01-01,180,"Flooded Vegetation",0
2001-01-01,190,"Built areas",0
2001-01-01,200,"Bare areas",0
2001-01-01,210,"Water bodies",1.3509
2001-02-01,10,"Crops rainfed",0
2001-02-01,30,"Crop-tree mosaic",0
2001-02-01,60,"Woodland",0
2001-02-01,120,"Shrubland",3.24216
2001-02-01,130,"Grassland",0.810540000000001
2001-02-01,180,"Flooded Vegetation",0
2001-02-01,190,"Built areas",0
2001-02-01,200,"Bare areas",0
2001-02-01,210,"Water bodies",1.3509
2001-03-01,10,"Crops rainfed",0
2001-03-01,30,"Crop-tree mosaic",0
2001-03-01,60,"Woodland",0
2001-03-01,120,"Shrubland",3.24216
2001-03-01,130,"Grassland",0.810540000000001
2001-03-01,180,"Flooded Vegetation",0
2001-03-01,190,"Built areas",0
2001-03-01,200,"Bare areas",0
2001-03-01,210,"Water bodies",1.3509
2001-04-01,10,"Crops rainfed",0
2001-04-01,30,"Crop-tree mosaic",0
2001-04-01,60,"Woodland",0
2001-04-01,120,"Shrubland",3.78252
2001-04-01,130,"Grassland",0.810540000000001
2001-04-01,180,"Flooded Vegetation",0
2001-04-01,190,"Built areas",0
2001-04-01,200,"Bare areas",0
2001-04-01,210,"Water bodies",1.3509
2001-05-01,10,"Crops rainfed",0
2001-05-01,30,"Crop-tree mosaic",0
2001-05-01,60,"Woodland",0
2001-05-01,120,"Shrubland",3.24216
2001-05-01,130,"Grassland",0.810540000000001
2001-05-01,180,"Flooded Vegetation",0
2001-05-01,190,"Built areas",0
2001-05-01,200,"Bare areas",0
2001-05-01,210,"Water bodies",1.3509
2001-06-01,10,"Crops rainfed",0
2001-06-01,30,"Crop-tree mosaic",4.41294000000001
2001-06-01,60,"Woodland",0.18012
2001-06-01,120,"Shrubland",13.0587
2001-06-01,130,"Grassland",3.1521
2001-06-01,180,"Flooded Vegetation",0
2001-06-01,190,"Built areas",0
2001-06-01,200,"Bare areas",0
2001-06-01,210,"Water bodies",1.3509
2001-07-01,10,"Crops rainfed",0
2001-07-01,30,"Crop-tree mosaic",0
2001-07-01,60,"Woodland",0.450300000000001
2001-07-01,120,"Shrubland",213.26208
2001-07-01,130,"Grassland",0.810540000000001
2001-07-01,180,"Flooded Vegetation",0
2001-07-01,190,"Built areas",0
2001-07-01,200,"Bare areas",0.630420000000001
2001-07-01,210,"Water bodies",1.3509
2001-08-01,10,"Crops rainfed",0.900600000000001
2001-08-01,30,"Crop-tree mosaic",3.69246
2001-08-01,60,"Woodland",1.44096
2001-08-01,120,"Shrubland",835.126380000001
2001-08-01,130,"Grassland",53.1354000000001
2001-08-01,180,"Flooded Vegetation",0
2001-08-01,190,"Built areas",0
2001-08-01,200,"Bare areas",0
2001-08-01,210,"Water bodies",1.3509
2001-09-01,10,"Crops rainfed",46.4709600000001
2001-09-01,30,"Crop-tree mosaic",73.4889600000001
2001-09-01,60,"Woodland",5.22348000000001
2001-09-01,120,"Shrubland",482.271300000001
2001-09-01,130,"Grassland",5.04336000000001
2001-09-01,180,"Flooded Vegetation",0
2001-09-01,190,"Built areas",0
2001-09-01,200,"Bare areas",0.36024
2001-09-01,210,"Water bodies",1.3509
2001-10-01,10,"Crops rainfed",4.23282000000001
2001-10-01,30,"Crop-tree mosaic",7.92528000000001
2001-10-01,60,"Woodland",23.32554
2001-10-01,120,"Shrubland",927.798120000001
2001-10-01,130,"Grassland",61.0606800000001
2001-10-01,180,"Flooded Vegetation",0.18012
2001-10-01,190,"Built areas",0
2001-10-01,200,"Bare areas",1.53102
2001-10-01,210,"Water bodies",1.3509
2001-11-01,10,"Crops rainfed",0
2001-11-01,30,"Crop-tree mosaic",0
2001-11-01,60,"Woodland",0
2001-11-01,120,"Shrubland",5.31354000000001
2001-11-01,130,"Grassland",0.900600000000001
2001-11-01,180,"Flooded Vegetation",0
2001-11-01,190,"Built areas",0
2001-11-01,200,"Bare areas",0
2001-11-01,210,"Water bodies",1.3509
2001-12-01,10,"Crops rainfed",0
2001-12-01,30,"Crop-tree mosaic",0
2001-12-01,60,"Woodland",0
2001-12-01,120,"Shrubland",3.69246
2001-12-01,130,"Grassland",0.810540000000001
2001-12-01,180,"Flooded Vegetation",0
2001-12-01,190,"Built areas",0
2001-12-01,200,"Bare areas",0
2001-12-01,210,"Water bodies",1.3509
2002-01-01,10,"Crops rainfed",0
2002-01-01,30,"Crop-tree mosaic",3.33222
2002-01-01,60,"Woodland",0
2002-01-01,120,"Shrubland",20.80386
2002-01-01,130,"Grassland",0.0900600000000001
2002-01-01,180,"Flooded Vegetation",0
2002-01-01,190,"Built areas",0
2002-01-01,200,"Bare areas",0
2002-01-01,210,"Water bodies",0
2002-02-01,10,"Crops rainfed",0
2002-02-01,30,"Crop-tree mosaic",0
2002-02-01,60,"Woodland",0
2002-02-01,120,"Shrubland",2.16144
2002-02-01,130,"Grassland",0.0900600000000001
2002-02-01,180,"Flooded Vegetation",0
2002-02-01,190,"Built areas",0
2002-02-01,200,"Bare areas",0
2002-02-01,210,"Water bodies",0
2002-03-01,10,"Crops rainfed",0
2002-03-01,30,"Crop-tree mosaic",0
2002-03-01,60,"Woodland",0.720480000000001
2002-03-01,120,"Shrubland",21.07404
2002-03-01,130,"Grassland",0.0900600000000001
2002-03-01,180,"Flooded Vegetation",0
2002-03-01,190,"Built areas",0
2002-03-01,200,"Bare areas",0
2002-03-01,210,"Water bodies",0
2002-04-01,10,"Crops rainfed",3.24216
2002-04-01,30,"Crop-tree mosaic",8.73582000000001
2002-04-01,60,"Woodland",8.01534000000001
2002-04-01,120,"Shrubland",194.0793
2002-04-01,130,"Grassland",8.19546000000001
2002-04-01,180,"Flooded Vegetation",0
2002-04-01,190,"Built areas",0
2002-04-01,200,"Bare areas",0
2002-04-01,210,"Water bodies",0
2002-05-01,10,"Crops rainfed",0
2002-05-01,30,"Crop-tree mosaic",0
2002-05-01,60,"Woodland",0
2002-05-01,120,"Shrubland",2.16144
2002-05-01,130,"Grassland",0.0900600000000001
2002-05-01,180,"Flooded Vegetation",0
2002-05-01,190,"Built areas",0
2002-05-01,200,"Bare areas",0
2002-05-01,210,"Water bodies",0
2002-06-01,10,"Crops rainfed",5.49366000000001
2002-06-01,30,"Crop-tree mosaic",1.8012
2002-06-01,60,"Woodland",4.50300000000001
2002-06-01,120,"Shrubland",207.31812
2002-06-01,130,"Grassland",0.0900600000000001
2002-06-01,180,"Flooded Vegetation",0
2002-06-01,190,"Built areas",0
2002-06-01,200,"Bare areas",0
2002-06-01,210,"Water bodies",0
2002-07-01,10,"Crops rainfed",0.0900600000000001
2002-07-01,30,"Crop-tree mosaic",0.990660000000001
2002-07-01,60,"Woodland",10.8072
2002-07-01,120,"Shrubland",67.5450000000001
2002-07-01,130,"Grassland",0.540360000000001
2002-07-01,180,"Flooded Vegetation",0
2002-07-01,190,"Built areas",0
2002-07-01,200,"Bare areas",0
2002-07-01,210,"Water bodies",0
2002-08-01,10,"Crops rainfed",30.53034
2002-08-01,30,"Crop-tree mosaic",36.65442
2002-08-01,60,"Woodland",16.03068
2002-08-01,120,"Shrubland",1027.5846
2002-08-01,130,"Grassland",33.86256
2002-08-01,180,"Flooded Vegetation",0
2002-08-01,190,"Built areas",0
2002-08-01,200,"Bare areas",4.77318000000001
2002-08-01,210,"Water bodies",0
2002-09-01,10,"Crops rainfed",1.98132
2002-09-01,30,"Crop-tree mosaic",4.32288000000001
2002-09-01,60,"Woodland",5.67378000000001
2002-09-01,120,"Shrubland",71.7778200000001
2002-09-01,130,"Grassland",1.62108
2002-09-01,180,"Flooded Vegetation",0
2002-09-01,190,"Built areas",0
2002-09-01,200,"Bare areas",0.450300000000001
2002-09-01,210,"Water bodies",0
2002-10-01,10,"Crops rainfed",17.5617
2002-10-01,30,"Crop-tree mosaic",18.19212
2002-10-01,60,"Woodland",36.9246
2002-10-01,120,"Shrubland",1084.41246
2002-10-01,130,"Grassland",69.5263200000001
2002-10-01,180,"Flooded Vegetation",0
2002-10-01,190,"Built areas",0
2002-10-01,200,"Bare areas",0.36024
2002-10-01,210,"Water bodies",0
2002-11-01,10,"Crops rainfed",0
2002-11-01,30,"Crop-tree mosaic",0
2002-11-01,60,"Woodland",0.0900600000000001
2002-11-01,120,"Shrubland",52.5950400000001
2002-11-01,130,"Grassland",0.0900600000000001
2002-11-01,180,"Flooded Vegetation",0
2002-11-01,190,"Built areas",0
2002-11-01,200,"Bare areas",0
2002-11-01,210,"Water bodies",0
2002-12-01,10,"Crops rainfed",0
2002-12-01,30,"Crop-tree mosaic",0
2002-12-01,60,"Woodland",0
2002-12-01,120,"Shrubland",2.16144
2002-12-01,130,"Grassland",0.0900600000000001
2002-12-01,180,"Flooded Vegetation",0
2002-12-01,190,"Built areas",0
2002-12-01,200,"Bare areas",0
2002-12-01,210,"Water bodies",0
2003-01-01,10,"Crops rainfed",0
2003-01-01,30,"Crop-tree mosaic",0
2003-01-01,60,"Woodland",0
2003-01-01,120,"Shrubland",1.89126
2003-01-01,130,"Grassland",0.36024
2003-01-01,180,"Flooded Vegetation",0
2003-01-01,190,"Built areas",0
2003-01-01,200,"Bare areas",0.0900600000000001
2003-01-01,210,"Water bodies",0
2003-02-01,10,"Crops rainfed",0
2003-02-01,30,"Crop-tree mosaic",0
2003-02-01,60,"Woodland",0
2003-02-01,120,"Shrubland",1.89126
2003-02-01,130,"Grassland",0.36024
2003-02-01,180,"Flooded Vegetation",0
2003-02-01,190,"Built areas",0
2003-02-01,200,"Bare areas",0.0900600000000001
2003-02-01,210,"Water bodies",0
2003-03-01,10,"Crops rainfed",0
2003-03-01,30,"Crop-tree mosaic",0
2003-03-01,60,"Woodland",0
2003-03-01,120,"Shrubland",1.89126
2003-03-01,130,"Grassland",0.36024
2003-03-01,180,"Flooded Vegetation",0
2003-03-01,190,"Built areas",0
2003-03-01,200,"Bare areas",0.0900600000000001
2003-03-01,210,"Water bodies",0
2003-04-01,10,"Crops rainfed",0
2003-04-01,30,"Crop-tree mosaic",0
2003-04-01,60,"Woodland",0
2003-04-01,120,"Shrubland",1.89126
2003-04-01,130,"Grassland",0.36024
2003-04-01,180,"Flooded Vegetation",0
2003-04-01,190,"Built areas",0
2003-04-01,200,"Bare areas",0.0900600000000001
2003-04-01,210,"Water bodies",0
2003-05-01,10,"Crops rainfed",0
2003-05-01,30,"Crop-tree mosaic",0
2003-05-01,60,"Woodland",0
2003-05-01,120,"Shrubland",1.89126
2003-05-01,130,"Grassland",0.36024
2003-05-01,180,"Flooded Vegetation",0
2003-05-01,190,"Built areas",0
2003-05-01,200,"Bare areas",0.0900600000000001
2003-05-01,210,"Water bodies",0
2003-06-01,10,"Crops rainfed",0
2003-06-01,30,"Crop-tree mosaic",0
2003-06-01,60,"Woodland",0
2003-06-01,120,"Shrubland",8.64576000000001
2003-06-01,130,"Grassland",0.36024
2003-06-01,180,"Flooded Vegetation",0
2003-06-01,190,"Built areas",0
2003-06-01,200,"Bare areas",0.0900600000000001
2003-06-01,210,"Water bodies",0
2003-07-01,10,"Crops rainfed",0
2003-07-01,30,"Crop-tree mosaic",0
2003-07-01,60,"Woodland",0.0900600000000001
2003-07-01,120,"Shrubland",1.89126
2003-07-01,130,"Grassland",0.36024
2003-07-01,180,"Flooded Vegetation",0
2003-07-01,190,"Built areas",0
2003-07-01,200,"Bare areas",0.0900600000000001
2003-07-01,210,"Water bodies",0
2003-08-01,10,"Crops rainfed",0.27018
2003-08-01,30,"Crop-tree mosaic",7.38492000000001
2003-08-01,60,"Woodland",7.74516000000001
2003-08-01,120,"Shrubland",24.04602
2003-08-01,130,"Grassland",0.36024
2003-08-01,180,"Flooded Vegetation",0
2003-08-01,190,"Built areas",0
2003-08-01,200,"Bare areas",0.0900600000000001
2003-08-01,210,"Water bodies",0
2003-09-01,10,"Crops rainfed",5.76384000000001
2003-09-01,30,"Crop-tree mosaic",10.89726
2003-09-01,60,"Woodland",23.68578
2003-09-01,120,"Shrubland",443.185260000001
2003-09-01,130,"Grassland",1.08072
2003-09-01,180,"Flooded Vegetation",0
2003-09-01,190,"Built areas",0
2003-09-01,200,"Bare areas",0.0900600000000001
2003-09-01,210,"Water bodies",0
2003-10-01,10,"Crops rainfed",6.03402000000001
2003-10-01,30,"Crop-tree mosaic",1.3509
2003-10-01,60,"Woodland",2.34156
2003-10-01,120,"Shrubland",103.20876
2003-10-01,130,"Grassland",2.79186
2003-10-01,180,"Flooded Vegetation",0
2003-10-01,190,"Built areas",0
2003-10-01,200,"Bare areas",0.0900600000000001
2003-10-01,210,"Water bodies",0
2003-11-01,10,"Crops rainfed",0
2003-11-01,30,"Crop-tree mosaic",0
2003-11-01,60,"Woodland",0.36024
2003-11-01,120,"Shrubland",48.7224600000001
2003-11-01,130,"Grassland",0.36024
2003-11-01,180,"Flooded Vegetation",0
2003-11-01,190,"Built areas",0
2003-11-01,200,"Bare areas",0.0900600000000001
2003-11-01,210,"Water bodies",0
2003-12-01,10,"Crops rainfed",0
2003-12-01,30,"Crop-tree mosaic",0
2003-12-01,60,"Woodland",0.720480000000001
2003-12-01,120,"Shrubland",2.97198
2003-12-01,130,"Grassland",0.36024
2003-12-01,180,"Flooded Vegetation",0
2003-12-01,190,"Built areas",0
2003-12-01,200,"Bare areas",0.0900600000000001
2003-12-01,210,"Water bodies",0
2004-01-01,10,"Crops rainfed",0
2004-01-01,30,"Crop-tree mosaic",0
2004-01-01,60,"Woodland",0
2004-01-01,120,"Shrubland",2.2515
2004-01-01,130,"Grassland",1.53102
2004-01-01,180,"Flooded Vegetation",0
2004-01-01,190,"Built areas",0
2004-01-01,200,"Bare areas",0
2004-01-01,210,"Water bodies",0
2004-02-01,10,"Crops rainfed",0
2004-02-01,30,"Crop-tree mosaic",0
2004-02-01,60,"Woodland",0
2004-02-01,120,"Shrubland",2.2515
2004-02-01,130,"Grassland",1.53102
2004-02-01,180,"Flooded Vegetation",0
2004-02-01,190,"Built areas",0
2004-02-01,200,"Bare areas",0
2004-02-01,210,"Water bodies",0
2004-03-01,10,"Crops rainfed",0
2004-03-01,30,"Crop-tree mosaic",0
2004-03-01,60,"Woodland",0
2004-03-01,120,"Shrubland",2.2515
2004-03-01,130,"Grassland",1.53102
2004-03-01,180,"Flooded Vegetation",0
2004-03-01,190,"Built areas",0
2004-03-01,200,"Bare areas",0
2004-03-01,210,"Water bodies",0
2004-04-01,10,"Crops rainfed",0
2004-04-01,30,"Crop-tree mosaic",0
2004-04-01,60,"Woodland",0
2004-04-01,120,"Shrubland",2.34156
2004-04-01,130,"Grassland",1.53102
2004-04-01,180,"Flooded Vegetation",0
2004-04-01,190,"Built areas",1.08072
2004-04-01,200,"Bare areas",2.79186
2004-04-01,210,"Water bodies",0
2004-05-01,10,"Crops rainfed",0
2004-05-01,30,"Crop-tree mosaic",0
2004-05-01,60,"Woodland",0
2004-05-01,120,"Shrubland",2.2515
2004-05-01,130,"Grassland",1.53102
2004-05-01,180,"Flooded Vegetation",0
2004-05-01,190,"Built areas",0
2004-05-01,200,"Bare areas",0
2004-05-01,210,"Water bodies",0
2004-06-01,10,"Crops rainfed",0
2004-06-01,30,"Crop-tree mosaic",0
2004-06-01,60,"Woodland",0
2004-06-01,120,"Shrubland",2.2515
2004-06-01,130,"Grassland",1.53102
2004-06-01,180,"Flooded Vegetation",0
2004-06-01,190,"Built areas",0
2004-06-01,200,"Bare areas",0
2004-06-01,210,"Water bodies",0
2004-07-01,10,"Crops rainfed",0
2004-07-01,30,"Crop-tree mosaic",0.27018
2004-07-01,60,"Woodland",0
2004-07-01,120,"Shrubland",61.8712200000001
2004-07-01,130,"Grassland",1.62108
2004-07-01,180,"Flooded Vegetation",0
2004-07-01,190,"Built areas",0
2004-07-01,200,"Bare areas",0.18012
2004-07-01,210,"Water bodies",0
2004-08-01,10,"Crops rainfed",0
2004-08-01,30,"Crop-tree mosaic",4.05270000000001
2004-08-01,60,"Woodland",11.2575
2004-08-01,120,"Shrubland",183.45222
2004-08-01,130,"Grassland",2.16144
2004-08-01,180,"Flooded Vegetation",0
2004-08-01,190,"Built areas",0
2004-08-01,200,"Bare areas",0
2004-08-01,210,"Water bodies",0
2004-09-01,10,"Crops rainfed",6.48432000000001
2004-09-01,30,"Crop-tree mosaic",4.32288000000001
2004-09-01,60,"Woodland",42.23814
2004-09-01,120,"Shrubland",1262.73126
2004-09-01,130,"Grassland",25.48698
2004-09-01,180,"Flooded Vegetation",0
2004-09-01,190,"Built areas",0
2004-09-01,200,"Bare areas",0
2004-09-01,210,"Water bodies",0.900600000000001
2004-10-01,10,"Crops rainfed",20.98398
2004-10-01,30,"Crop-tree mosaic",17.38158
2004-10-01,60,"Woodland",59.3495400000001
2004-10-01,120,"Shrubland",2137.48404
2004-10-01,130,"Grassland",84.2061000000001
2004-10-01,180,"Flooded Vegetation",0
2004-10-01,190,"Built areas",0
2004-10-01,200,"Bare areas",0.27018
2004-10-01,210,"Water bodies",0
2004-11-01,10,"Crops rainfed",7.47498000000001
2004-11-01,30,"Crop-tree mosaic",8.73582000000001
2004-11-01,60,"Woodland",51.1540800000001
2004-11-01,120,"Shrubland",1101.52386
2004-11-01,130,"Grassland",19.27284
2004-11-01,180,"Flooded Vegetation",0
2004-11-01,190,"Built areas",0
2004-11-01,200,"Bare areas",0
2004-11-01,210,"Water bodies",0
2004-12-01,10,"Crops rainfed",0
2004-12-01,30,"Crop-tree mosaic",0
2004-12-01,60,"Woodland",0
2004-12-01,120,"Shrubland",2.2515
2004-12-01,130,"Grassland",1.53102
2004-12-01,180,"Flooded Vegetation",0
2004-12-01,190,"Built areas",0
2004-12-01,200,"Bare areas",0
2004-12-01,210,"Water bodies",0
2005-01-01,10,"Crops rainfed",0
2005-01-01,30,"Crop-tree mosaic",0
2005-01-01,60,"Woodland",0
2005-01-01,120,"Shrubland",5.40360000000001
2005-01-01,130,"Grassland",0.900600000000001
2005-01-01,180,"Flooded Vegetation",0
2005-01-01,190,"Built areas",0
2005-01-01,200,"Bare areas",0
2005-01-01,210,"Water bodies",0
2005-02-01,10,"Crops rainfed",0
2005-02-01,30,"Crop-tree mosaic",0
2005-02-01,60,"Woodland",0
2005-02-01,120,"Shrubland",5.40360000000001
2005-02-01,130,"Grassland",0.900600000000001
2005-02-01,180,"Flooded Vegetation",0
2005-02-01,190,"Built areas",0
2005-02-01,200,"Bare areas",0
2005-02-01,210,"Water bodies",0
2005-03-01,10,"Crops rainfed",0
2005-03-01,30,"Crop-tree mosaic",0
2005-03-01,60,"Woodland",0
2005-03-01,120,"Shrubland",5.67378000000001
2005-03-01,130,"Grassland",0.900600000000001
2005-03-01,180,"Flooded Vegetation",0
2005-03-01,190,"Built areas",0
2005-03-01,200,"Bare areas",0
2005-03-01,210,"Water bodies",0
2005-04-01,10,"Crops rainfed",0
2005-04-01,30,"Crop-tree mosaic",0
2005-04-01,60,"Woodland",0
2005-04-01,120,"Shrubland",5.94396000000001
2005-04-01,130,"Grassland",0.900600000000001
2005-04-01,180,"Flooded Vegetation",0
2005-04-01,190,"Built areas",0
2005-04-01,200,"Bare areas",0
2005-04-01,210,"Water bodies",0
2005-05-01,10,"Crops rainfed",0
2005-05-01,30,"Crop-tree mosaic",0
2005-05-01,60,"Woodland",0
2005-05-01,120,"Shrubland",6.39426000000001
2005-05-01,130,"Grassland",0.900600000000001
2005-05-01,180,"Flooded Vegetation",0
2005-05-01,190,"Built areas",0
2005-05-01,200,"Bare areas",0
2005-05-01,210,"Water bodies",0
2005-06-01,10,"Crops rainfed",0.990660000000001
2005-06-01,30,"Crop-tree mosaic",1.3509
2005-06-01,60,"Woodland",1.08072
2005-06-01,120,"Shrubland",104.9199
2005-06-01,130,"Grassland",0.990660000000001
2005-06-01,180,"Flooded Vegetation",0
2005-06-01,190,"Built areas",0
2005-06-01,200,"Bare areas",0
2005-06-01,210,"Water bodies",0
2005-07-01,10,"Crops rainfed",0
2005-07-01,30,"Crop-tree mosaic",0.0900600000000001
2005-07-01,60,"Woodland",1.89126
2005-07-01,120,"Shrubland",77.0913600000001
2005-07-01,130,"Grassland",0.900600000000001
2005-07-01,180,"Flooded Vegetation",0
2005-07-01,190,"Built areas",0
2005-07-01,200,"Bare areas",0
2005-07-01,210,"Water bodies",0
2005-08-01,10,"Crops rainfed",0.27018
2005-08-01,30,"Crop-tree mosaic",0.810540000000001
2005-08-01,60,"Woodland",14.67978
2005-08-01,120,"Shrubland",703.368600000001
2005-08-01,130,"Grassland",23.8659
2005-08-01,180,"Flooded Vegetation",0
2005-08-01,190,"Built areas",0
2005-08-01,200,"Bare areas",0
2005-08-01,210,"Water bodies",0.18012
2005-09-01,10,"Crops rainfed",4.23282000000001
2005-09-01,30,"Crop-tree mosaic",10.53702
2005-09-01,60,"Woodland",73.8492000000001
2005-09-01,120,"Shrubland",430.396740000001
2005-09-01,130,"Grassland",3.51234
2005-09-01,180,"Flooded Vegetation",0
2005-09-01,190,"Built areas",0
2005-09-01,200,"Bare areas",0.0900600000000001
2005-09-01,210,"Water bodies",0
2005-10-01,10,"Crops rainfed",0.540360000000001
2005-10-01,30,"Crop-tree mosaic",8.19546000000001
2005-10-01,60,"Woodland",46.8312000000001
2005-10-01,120,"Shrubland",187.95522
2005-10-01,130,"Grassland",13.32888
2005-10-01,180,"Flooded Vegetation",0
2005-10-01,190,"Built areas",0
2005-10-01,200,"Bare areas",4.41294000000001
2005-10-01,210,"Water bodies",0
2005-11-01,10,"Crops rainfed",0.810540000000001
2005-11-01,30,"Crop-tree mosaic",0.720480000000001
2005-11-01,60,"Woodland",8.19546000000001
2005-11-01,120,"Shrubland",539.639520000001
2005-11-01,130,"Grassland",76.1907600000001
2005-11-01,180,"Flooded Vegetation",0
2005-11-01,190,"Built areas",0
2005-11-01,200,"Bare areas",0
2005-11-01,210,"Water bodies",0
2005-12-01,10,"Crops rainfed",0
2005-12-01,30,"Crop-tree mosaic",0
2005-12-01,60,"Woodland",0
2005-12-01,120,"Shrubland",5.58372000000001
2005-12-01,130,"Grassland",0.900600000000001
2005-12-01,180,"Flooded Vegetation",0
2005-12-01,190,"Built areas",0
2005-12-01,200,"Bare areas",0
2005-12-01,210,"Water bodies",0
2006-01-01,10,"Crops rainfed",0
2006-01-01,30,"Crop-tree mosaic",0
2006-01-01,60,"Woodland",0
2006-01-01,120,"Shrubland",3.06204
2006-01-01,130,"Grassland",0.540360000000001
2006-01-01,180,"Flooded Vegetation",0
2006-01-01,190,"Built areas",0
2006-01-01,200,"Bare areas",0
2006-01-01,210,"Water bodies",0
2006-02-01,10,"Crops rainfed",0
2006-02-01,30,"Crop-tree mosaic",0
2006-02-01,60,"Woodland",0
2006-02-01,120,"Shrubland",3.06204
2006-02-01,130,"Grassland",0.540360000000001
2006-02-01,180,"Flooded Vegetation",0
2006-02-01,190,"Built areas",0
2006-02-01,200,"Bare areas",0
2006-02-01,210,"Water bodies",0
2006-03-01,10,"Crops rainfed",0
2006-03-01,30,"Crop-tree mosaic",0
2006-03-01,60,"Woodland",0
2006-03-01,120,"Shrubland",3.06204
2006-03-01,130,"Grassland",0.540360000000001
2006-03-01,180,"Flooded Vegetation",0
2006-03-01,190,"Built areas",0
2006-03-01,200,"Bare areas",0
2006-03-01,210,"Water bodies",0
2006-04-01,10,"Crops rainfed",0
2006-04-01,30,"Crop-tree mosaic",0
2006-04-01,60,"Woodland",0
2006-04-01,120,"Shrubland",11.7078
2006-04-01,130,"Grassland",0.540360000000001
2006-04-01,180,"Flooded Vegetation",0
2006-04-01,190,"Built areas",0
2006-04-01,200,"Bare areas",0
2006-04-01,210,"Water bodies",0
2006-05-01,10,"Crops rainfed",0.0900600000000001
2006-05-01,30,"Crop-tree mosaic",0
2006-05-01,60,"Woodland",0
2006-05-01,120,"Shrubland",41.8779
2006-05-01,130,"Grassland",1.26084
2006-05-01,180,"Flooded Vegetation",0
2006-05-01,190,"Built areas",0
2006-05-01,200,"Bare areas",0
2006-05-01,210,"Water bodies",0
2006-06-01,10,"Crops rainfed",0.0900600000000001
2006-06-01,30,"Crop-tree mosaic",0
2006-06-01,60,"Woodland",5.76384000000001
2006-06-01,120,"Shrubland",173.90586
2006-06-01,130,"Grassland",3.96264
2006-06-01,180,"Flooded Vegetation",0
2006-06-01,190,"Built areas",0
2006-06-01,200,"Bare areas",0
2006-06-01,210,"Water bodies",0
2006-07-01,10,"Crops rainfed",0
2006-07-01,30,"Crop-tree mosaic",0.27018
2006-07-01,60,"Woodland",0.900600000000001
2006-07-01,120,"Shrubland",160.39686
2006-07-01,130,"Grassland",4.41294000000001
2006-07-01,180,"Flooded Vegetation",0
2006-07-01,190,"Built areas",0
2006-07-01,200,"Bare areas",0.36024
2006-07-01,210,"Water bodies",0
2006-08-01,10,"Crops rainfed",2.16144
2006-08-01,30,"Crop-tree mosaic",3.24216
2006-08-01,60,"Woodland",19.09272
2006-08-01,120,"Shrubland",855.570000000001
2006-08-01,130,"Grassland",2.52168
2006-08-01,180,"Flooded Vegetation",0
2006-08-01,190,"Built areas",0
2006-08-01,200,"Bare areas",0
2006-08-01,210,"Water bodies",0.18012
2006-09-01,10,"Crops rainfed",21.43428
2006-09-01,30,"Crop-tree mosaic",15.13008
2006-09-01,60,"Woodland",86.9979600000001
2006-09-01,120,"Shrubland",2701.98012
2006-09-01,130,"Grassland",154.54296
2006-09-01,180,"Flooded Vegetation",0
2006-09-01,190,"Built areas",0
2006-09-01,200,"Bare areas",0.540360000000001
2006-09-01,210,"Water bodies",0
2006-10-01,10,"Crops rainfed",5.40360000000001
2006-10-01,30,"Crop-tree mosaic",8.10540000000001
2006-10-01,60,"Woodland",21.07404
2006-10-01,120,"Shrubland",570.710220000001
2006-10-01,130,"Grassland",1.89126
2006-10-01,180,"Flooded Vegetation",0
2006-10-01,190,"Built areas",0
2006-10-01,200,"Bare areas",0
2006-10-01,210,"Water bodies",0
2006-11-01,10,"Crops rainfed",0
2006-11-01,30,"Crop-tree mosaic",0
2006-11-01,60,"Woodland",0.630420000000001
2006-11-01,120,"Shrubland",69.5263200000001
2006-11-01,130,"Grassland",3.69246
2006-11-01,180,"Flooded Vegetation",0
2006-11-01,190,"Built areas",0
2006-11-01,200,"Bare areas",0.18012
2006-11-01,210,"Water bodies",0
2006-12-01,10,"Crops rainfed",0
2006-12-01,30,"Crop-tree mosaic",0
2006-12-01,60,"Woodland",0
2006-12-01,120,"Shrubland",3.06204
2006-12-01,130,"Grassland",0.540360000000001
2006-12-01,180,"Flooded Vegetation",0
2006-12-01,190,"Built areas",0
2006-12-01,200,"Bare areas",0
2006-12-01,210,"Water bodies",0
2007-01-01,10,"Crops rainfed",0
2007-01-01,30,"Crop-tree mosaic",0
2007-01-01,60,"Woodland",0
2007-01-01,120,"Shrubland",1.3509
2007-01-01,130,"Grassland",0.900600000000001
2007-01-01,180,"Flooded Vegetation",0
2007-01-01,190,"Built areas",0
2007-01-01,200,"Bare areas",0
2007-01-01,210,"Water bodies",0
2007-02-01,10,"Crops rainfed",0
2007-02-01,30,"Crop-tree mosaic",0
2007-02-01,60,"Woodland",0
2007-02-01,120,"Shrubland",1.3509
2007-02-01,130,"Grassland",0.900600000000001
2007-02-01,180,"Flooded Vegetation",0
2007-02-01,190,"Built areas",0
2007-02-01,200,"Bare areas",0
2007-02-01,210,"Water bodies",0
2007-03-01,10,"Crops rainfed",0
2007-03-01,30,"Crop-tree mosaic",0
2007-03-01,60,"Woodland",0
2007-03-01,120,"Shrubland",1.3509
2007-03-01,130,"Grassland",0.900600000000001
2007-03-01,180,"Flooded Vegetation",0
2007-03-01,190,"Built areas",0
2007-03-01,200,"Bare areas",0
2007-03-01,210,"Water bodies",0
2007-04-01,10,"Crops rainfed",0
2007-04-01,30,"Crop-tree mosaic",0
2007-04-01,60,"Woodland",0
2007-04-01,120,"Shrubland",1.3509
2007-04-01,130,"Grassland",0.900600000000001
2007-04-01,180,"Flooded Vegetation",0
2007-04-01,190,"Built areas",0
2007-04-01,200,"Bare areas",0
2007-04-01,210,"Water bodies",0
2007-05-01,10,"Crops rainfed",0
2007-05-01,30,"Crop-tree mosaic",0
2007-05-01,60,"Woodland",0
2007-05-01,120,"Shrubland",5.49366000000001
2007-05-01,130,"Grassland",0.900600000000001
2007-05-01,180,"Flooded Vegetation",0
2007-05-01,190,"Built areas",0
2007-05-01,200,"Bare areas",0
2007-05-01,210,"Water bodies",0
2007-06-01,10,"Crops rainfed",0.0900600000000001
2007-06-01,30,"Crop-tree mosaic",0
2007-06-01,60,"Woodland",0
2007-06-01,120,"Shrubland",60.0700200000001
2007-06-01,130,"Grassland",1.08072
2007-06-01,180,"Flooded Vegetation",0
2007-06-01,190,"Built areas",0
2007-06-01,200,"Bare areas",0
2007-06-01,210,"Water bodies",0
2007-07-01,10,"Crops rainfed",0.18012
2007-07-01,30,"Crop-tree mosaic",0
2007-07-01,60,"Woodland",2.7018
2007-07-01,120,"Shrubland",61.1507400000001
2007-07-01,130,"Grassland",4.41294000000001
2007-07-01,180,"Flooded Vegetation",0
2007-07-01,190,"Built areas",0
2007-07-01,200,"Bare areas",4.32288000000001
2007-07-01,210,"Water bodies",0
2007-08-01,10,"Crops rainfed",0.0900600000000001
2007-08-01,30,"Crop-tree mosaic",0.720480000000001
2007-08-01,60,"Woodland",2.43162
2007-08-01,120,"Shrubland",38.90592
2007-08-01,130,"Grassland",4.32288000000001
2007-08-01,180,"Flooded Vegetation",0
2007-08-01,190,"Built areas",0
2007-08-01,200,"Bare areas",0
2007-08-01,210,"Water bodies",0
2007-09-01,10,"Crops rainfed",5.40360000000001
2007-09-01,30,"Crop-tree mosaic",12.51834
2007-09-01,60,"Woodland",17.02134
2007-09-01,120,"Shrubland",324.216
2007-09-01,130,"Grassland",1.44096
2007-09-01,180,"Flooded Vegetation",0
2007-09-01,190,"Built areas",0
2007-09-01,200,"Bare areas",0
2007-09-01,210,"Water bodies",0
2007-10-01,10,"Crops rainfed",0.630420000000001
2007-10-01,30,"Crop-tree mosaic",1.71114
2007-10-01,60,"Woodland",0
2007-10-01,120,"Shrubland",394.10256
2007-10-01,130,"Grassland",43.8592200000001
2007-10-01,180,"Flooded Vegetation",0
2007-10-01,190,"Built areas",0
2007-10-01,200,"Bare areas",0.36024
2007-10-01,210,"Water bodies",0
2007-11-01,10,"Crops rainfed",0
2007-11-01,30,"Crop-tree mosaic",0
2007-11-01,60,"Woodland",2.7018
2007-11-01,120,"Shrubland",6.30420000000001
2007-11-01,130,"Grassland",0.900600000000001
2007-11-01,180,"Flooded Vegetation",0
2007-11-01,190,"Built areas",0
2007-11-01,200,"Bare areas",0
2007-11-01,210,"Water bodies",0
2007-12-01,10,"Crops rainfed",0
2007-12-01,30,"Crop-tree mosaic",0
2007-12-01,60,"Woodland",0
2007-12-01,120,"Shrubland",1.3509
2007-12-01,130,"Grassland",0.900600000000001
2007-12-01,180,"Flooded Vegetation",0
2007-12-01,190,"Built areas",0
2007-12-01,200,"Bare areas",0
2007-12-01,210,"Water bodies",0
2008-01-01,10,"Crops rainfed",0
2008-01-01,30,"Crop-tree mosaic",0
2008-01-01,60,"Woodland",0
2008-01-01,120,"Shrubland",9.18612000000001
2008-01-01,130,"Grassland",4.59306000000001
2008-01-01,180,"Flooded Vegetation",0.0900600000000001
2008-01-01,190,"Built areas",0
2008-01-01,200,"Bare areas",0
2008-01-01,210,"Water bodies",0.18012
2008-02-01,10,"Crops rainfed",0
2008-02-01,30,"Crop-tree mosaic",0
2008-02-01,60,"Woodland",0
2008-02-01,120,"Shrubland",9.18612000000001
2008-02-01,130,"Grassland",4.59306000000001
2008-02-01,180,"Flooded Vegetation",0.0900600000000001
2008-02-01,190,"Built areas",0
2008-02-01,200,"Bare areas",0
2008-02-01,210,"Water bodies",0.18012
2008-03-01,10,"Crops rainfed",0
2008-03-01,30,"Crop-tree mosaic",0
2008-03-01,60,"Woodland",0
2008-03-01,120,"Shrubland",9.18612000000001
2008-03-01,130,"Grassland",4.59306000000001
2008-03-01,180,"Flooded Vegetation",0.0900600000000001
2008-03-01,190,"Built areas",0
2008-03-01,200,"Bare areas",0
2008-03-01,210,"Water bodies",0.18012
2008-04-01,10,"Crops rainfed",0
2008-04-01,30,"Crop-tree mosaic",0
2008-04-01,60,"Woodland",0
2008-04-01,120,"Shrubland",9.18612000000001
2008-04-01,130,"Grassland",4.59306000000001
2008-04-01,180,"Flooded Vegetation",0.0900600000000001
2008-04-01,190,"Built areas",0
2008-04-01,200,"Bare areas",0
2008-04-01,210,"Water bodies",0.18012
2008-05-01,10,"Crops rainfed",0
2008-05-01,30,"Crop-tree mosaic",0
2008-05-01,60,"Woodland",0
2008-05-01,120,"Shrubland",15.22014
2008-05-01,130,"Grassland",4.68312000000001
2008-05-01,180,"Flooded Vegetation",0.0900600000000001
2008-05-01,190,"Built areas",0
2008-05-01,200,"Bare areas",0
2008-05-01,210,"Water bodies",0.18012
2008-06-01,10,"Crops rainfed",0
2008-06-01,30,"Crop-tree mosaic",0
2008-06-01,60,"Woodland",0.36024
2008-06-01,120,"Shrubland",59.6197200000001
2008-06-01,130,"Grassland",5.58372000000001
2008-06-01,180,"Flooded Vegetation",0.0900600000000001
2008-06-01,190,"Built areas",0
2008-06-01,200,"Bare areas",1.17078
2008-06-01,210,"Water bodies",0.18012
2008-07-01,10,"Crops rainfed",0
2008-07-01,30,"Crop-tree mosaic",0
2008-07-01,60,"Woodland",0
2008-07-01,120,"Shrubland",77.0913600000001
2008-07-01,130,"Grassland",12.6084
2008-07-01,180,"Flooded Vegetation",0.0900600000000001
2008-07-01,190,"Built areas",0
2008-07-01,200,"Bare areas",3.42228
2008-07-01,210,"Water bodies",0.18012
2008-08-01,10,"Crops rainfed",14.76984
2008-08-01,30,"Crop-tree mosaic",8.64576000000001
2008-08-01,60,"Woodland",16.84122
2008-08-01,120,"Shrubland",1381.9707
2008-08-01,130,"Grassland",89.8798800000001
2008-08-01,180,"Flooded Vegetation",0.0900600000000001
2008-08-01,190,"Built areas",0
2008-08-01,200,"Bare areas",0.36024
2008-08-01,210,"Water bodies",0.18012
2008-09-01,10,"Crops rainfed",16.57104
2008-09-01,30,"Crop-tree mosaic",19.45296
2008-09-01,60,"Woodland",147.60834
2008-09-01,120,"Shrubland",3394.99182
2008-09-01,130,"Grassland",72.0480000000001
2008-09-01,180,"Flooded Vegetation",0.27018
2008-09-01,190,"Built areas",0
2008-09-01,200,"Bare areas",1.08072
2008-09-01,210,"Water bodies",0.540360000000001
2008-10-01,10,"Crops rainfed",28.8192
2008-10-01,30,"Crop-tree mosaic",33.68244
2008-10-01,60,"Woodland",54.0360000000001
2008-10-01,120,"Shrubland",1257.86802
2008-10-01,130,"Grassland",25.6671
2008-10-01,180,"Flooded Vegetation",0.0900600000000001
2008-10-01,190,"Built areas",0
2008-10-01,200,"Bare areas",0.900600000000001
2008-10-01,210,"Water bodies",0.27018
2008-11-01,10,"Crops rainfed",0
2008-11-01,30,"Crop-tree mosaic",0
2008-11-01,60,"Woodland",0
2008-11-01,120,"Shrubland",14.58972
2008-11-01,130,"Grassland",4.77318000000001
2008-11-01,180,"Flooded Vegetation",0.0900600000000001
2008-11-01,190,"Built areas",0
2008-11-01,200,"Bare areas",0
2008-11-01,210,"Water bodies",0.18012
2008-12-01,10,"Crops rainfed",0
2008-12-01,30,"Crop-tree mosaic",0
2008-12-01,60,"Woodland",0
2008-12-01,120,"Shrubland",9.18612000000001
2008-12-01,130,"Grassland",4.59306000000001
2008-12-01,180,"Flooded Vegetation",0.0900600000000001
2008-12-01,190,"Built areas",0
2008-12-01,200,"Bare areas",0
2008-12-01,210,"Water bodies",0.18012
2009-01-01,10,"Crops rainfed",0
2009-01-01,30,"Crop-tree mosaic",0
2009-01-01,60,"Woodland",0
2009-01-01,120,"Shrubland",8.64576000000001
2009-01-01,130,"Grassland",0.990660000000001
2009-01-01,180,"Flooded Vegetation",0
2009-01-01,190,"Built areas",0
2009-01-01,200,"Bare areas",0
2009-01-01,210,"Water bodies",0.450300000000001
2009-02-01,10,"Crops rainfed",0
2009-02-01,30,"Crop-tree mosaic",0
2009-02-01,60,"Woodland",0
2009-02-01,120,"Shrubland",8.64576000000001
2009-02-01,130,"Grassland",0.990660000000001
2009-02-01,180,"Flooded Vegetation",0
2009-02-01,190,"Built areas",0
2009-02-01,200,"Bare areas",0
2009-02-01,210,"Water bodies",0.450300000000001
2009-03-01,10,"Crops rainfed",0
2009-03-01,30,"Crop-tree mosaic",0
2009-03-01,60,"Woodland",0
2009-03-01,120,"Shrubland",8.64576000000001
2009-03-01,130,"Grassland",0.990660000000001
2009-03-01,180,"Flooded Vegetation",0
2009-03-01,190,"Built areas",0
2009-03-01,200,"Bare areas",0
2009-03-01,210,"Water bodies",0.450300000000001
2009-04-01,10,"Crops rainfed",0
2009-04-01,30,"Crop-tree mosaic",0
2009-04-01,60,"Woodland",0
2009-04-01,120,"Shrubland",8.64576000000001
2009-04-01,130,"Grassland",0.990660000000001
2009-04-01,180,"Flooded Vegetation",0
2009-04-01,190,"Built areas",0
2009-04-01,200,"Bare areas",0
2009-04-01,210,"Water bodies",0.450300000000001
2009-05-01,10,"Crops rainfed",1.17078
2009-05-01,30,"Crop-tree mosaic",0.27018
2009-05-01,60,"Woodland",0.720480000000001
2009-05-01,120,"Shrubland",68.5356600000001
2009-05-01,130,"Grassland",0.990660000000001
2009-05-01,180,"Flooded Vegetation",0
2009-05-01,190,"Built areas",0
2009-05-01,200,"Bare areas",0
2009-05-01,210,"Water bodies",0.450300000000001
2009-06-01,10,"Crops rainfed",2.52168
2009-06-01,30,"Crop-tree mosaic",1.17078
2009-06-01,60,"Woodland",5.22348000000001
2009-06-01,120,"Shrubland",125.72376
2009-06-01,130,"Grassland",8.10540000000001
2009-06-01,180,"Flooded Vegetation",0
2009-06-01,190,"Built areas",0
2009-06-01,200,"Bare areas",1.08072
2009-06-01,210,"Water bodies",0.450300000000001
2009-07-01,10,"Crops rainfed",0.630420000000001
2009-07-01,30,"Crop-tree mosaic",0
2009-07-01,60,"Woodland",0.810540000000001
2009-07-01,120,"Shrubland",79.7031000000001
2009-07-01,130,"Grassland",1.53102
2009-07-01,180,"Flooded Vegetation",0
2009-07-01,190,"Built areas",0
2009-07-01,200,"Bare areas",0
2009-07-01,210,"Water bodies",0.450300000000001
2009-08-01,10,"Crops rainfed",1.98132
2009-08-01,30,"Crop-tree mosaic",0.720480000000001
2009-08-01,60,"Woodland",3.33222
2009-08-01,120,"Shrubland",779.469300000001
2009-08-01,130,"Grassland",4.14276000000001
2009-08-01,180,"Flooded Vegetation",0
2009-08-01,190,"Built areas",0
2009-08-01,200,"Bare areas",0.36024
2009-08-01,210,"Water bodies",0.630420000000001
2009-09-01,10,"Crops rainfed",89.0693400000001
2009-09-01,30,"Crop-tree mosaic",173.27544
2009-09-01,60,"Woodland",67.6350600000001
2009-09-01,120,"Shrubland",2816.6265
2009-09-01,130,"Grassland",148.32882
2009-09-01,180,"Flooded Vegetation",0
2009-09-01,190,"Built areas",0
2009-09-01,200,"Bare areas",0.36024
2009-09-01,210,"Water bodies",0.540360000000001
2009-10-01,10,"Crops rainfed",12.6084
2009-10-01,30,"Crop-tree mosaic",17.5617
2009-10-01,60,"Woodland",63.2221200000001
2009-10-01,120,"Shrubland",1154.74932
2009-10-01,130,"Grassland",39.71646
2009-10-01,180,"Flooded Vegetation",0
2009-10-01,190,"Built areas",0
2009-10-01,200,"Bare areas",4.59306000000001
2009-10-01,210,"Water bodies",0.450300000000001
2009-11-01,10,"Crops rainfed",0
2009-11-01,30,"Crop-tree mosaic",0
2009-11-01,60,"Woodland",0.36024
2009-11-01,120,"Shrubland",21.43428
2009-11-01,130,"Grassland",0.990660000000001
2009-11-01,180,"Flooded Vegetation",0
2009-11-01,190,"Built areas",0
2009-11-01,200,"Bare areas",0
2009-11-01,210,"Water bodies",0.450300000000001
2009-12-01,10,"Crops rainfed",0
2009-12-01,30,"Crop-tree mosaic",0
2009-12-01,60,"Woodland",0
2009-12-01,120,"Shrubland",8.64576000000001
2009-12-01,130,"Grassland",0.990660000000001
2009-12-01,180,"Flooded Vegetation",0
2009-12-01,190,"Built areas",0
2009-12-01,200,"Bare areas",0
2009-12-01,210,"Water bodies",0.450300000000001
2010-01-01,10,"Crops rainfed",0
2010-01-01,30,"Crop-tree mosaic",0
2010-01-01,60,"Woodland",0
2010-01-01,120,"Shrubland",4.77318000000001
2010-01-01,130,"Grassland",4.14276000000001
2010-01-01,180,"Flooded Vegetation",0
2010-01-01,190,"Built areas",0
2010-01-01,200,"Bare areas",0
2010-01-01,210,"Water bodies",0
2010-02-01,10,"Crops rainfed",0
2010-02-01,30,"Crop-tree mosaic",0
2010-02-01,60,"Woodland",0
2010-02-01,120,"Shrubland",4.77318000000001
2010-02-01,130,"Grassland",4.14276000000001
2010-02-01,180,"Flooded Vegetation",0
2010-02-01,190,"Built areas",0
2010-02-01,200,"Bare areas",0
2010-02-01,210,"Water bodies",0
2010-03-01,10,"Crops rainfed",0
2010-03-01,30,"Crop-tree mosaic",0
2010-03-01,60,"Woodland",0
2010-03-01,120,"Shrubland",4.77318000000001
2010-03-01,130,"Grassland",4.14276000000001
2010-03-01,180,"Flooded Vegetation",0
2010-03-01,190,"Built areas",0
2010-03-01,200,"Bare areas",0
2010-03-01,210,"Water bodies",0
2010-04-01,10,"Crops rainfed",0
2010-04-01,30,"Crop-tree mosaic",0
2010-04-01,60,"Woodland",0
2010-04-01,120,"Shrubland",4.77318000000001
2010-04-01,130,"Grassland",4.14276000000001
2010-04-01,180,"Flooded Vegetation",0
2010-04-01,190,"Built areas",0
2010-04-01,200,"Bare areas",0
2010-04-01,210,"Water bodies",0
2010-05-01,10,"Crops rainfed",0
2010-05-01,30,"Crop-tree mosaic",0
2010-05-01,60,"Woodland",0
2010-05-01,120,"Shrubland",4.77318000000001
2010-05-01,130,"Grassland",4.14276000000001
2010-05-01,180,"Flooded Vegetation",0
2010-05-01,190,"Built areas",0
2010-05-01,200,"Bare areas",0
2010-05-01,210,"Water bodies",0
2010-06-01,10,"Crops rainfed",0
2010-06-01,30,"Crop-tree mosaic",0.0900600000000001
2010-06-01,60,"Woodland",0
2010-06-01,120,"Shrubland",30.71046
2010-06-01,130,"Grassland",4.14276000000001
2010-06-01,180,"Flooded Vegetation",0
2010-06-01,190,"Built areas",0
2010-06-01,200,"Bare areas",1.08072
2010-06-01,210,"Water bodies",0
2010-07-01,10,"Crops rainfed",0.0900600000000001
2010-07-01,30,"Crop-tree mosaic",5.31354000000001
2010-07-01,60,"Woodland",6.75450000000001
2010-07-01,120,"Shrubland",120.59034
2010-07-01,130,"Grassland",8.82588000000001
2010-07-01,180,"Flooded Vegetation",0
2010-07-01,190,"Built areas",0
2010-07-01,200,"Bare areas",0
2010-07-01,210,"Water bodies",0
2010-08-01,10,"Crops rainfed",9.45630000000001
2010-08-01,30,"Crop-tree mosaic",5.40360000000001
2010-08-01,60,"Woodland",10.17678
2010-08-01,120,"Shrubland",890.603340000001
2010-08-01,130,"Grassland",58.6290600000001
2010-08-01,180,"Flooded Vegetation",0
2010-08-01,190,"Built areas",0
2010-08-01,200,"Bare areas",0.450300000000001
2010-08-01,210,"Water bodies",0.18012
2010-09-01,10,"Crops rainfed",43.4089200000001
2010-09-01,30,"Crop-tree mosaic",52.7751600000001
2010-09-01,60,"Woodland",36.20412
2010-09-01,120,"Shrubland",1040.91348
2010-09-01,130,"Grassland",13.68912
2010-09-01,180,"Flooded Vegetation",0.36024
2010-09-01,190,"Built areas",0
2010-09-01,200,"Bare areas",0
2010-09-01,210,"Water bodies",0
2010-10-01,10,"Crops rainfed",5.22348000000001
2010-10-01,30,"Crop-tree mosaic",5.76384000000001
2010-10-01,60,"Woodland",16.93128
2010-10-01,120,"Shrubland",1475.09274
2010-10-01,130,"Grassland",44.1294000000001
2010-10-01,180,"Flooded Vegetation",0
2010-10-01,190,"Built areas",0
2010-10-01,200,"Bare areas",0.0900600000000001
2010-10-01,210,"Water bodies",0
2010-11-01,10,"Crops rainfed",0
2010-11-01,30,"Crop-tree mosaic",0
2010-11-01,60,"Woodland",0
2010-11-01,120,"Shrubland",12.33822
2010-11-01,130,"Grassland",5.94396000000001
2010-11-01,180,"Flooded Vegetation",0
2010-11-01,190,"Built areas",0
2010-11-01,200,"Bare areas",0.0900600000000001
2010-11-01,210,"Water bodies",0
2010-12-01,10,"Crops rainfed",0
2010-12-01,30,"Crop-tree mosaic",0
2010-12-01,60,"Woodland",0
2010-12-01,120,"Shrubland",4.77318000000001
2010-12-01,130,"Grassland",4.14276000000001
2010-12-01,180,"Flooded Vegetation",0
2010-12-01,190,"Built areas",0
2010-12-01,200,"Bare areas",0
2010-12-01,210,"Water bodies",0
2011-01-01,10,"Crops rainfed",0
2011-01-01,30,"Crop-tree mosaic",0
2011-01-01,60,"Woodland",0
2011-01-01,120,"Shrubland",0.450300000000001
2011-01-01,130,"Grassland",0
2011-01-01,180,"Flooded Vegetation",0
2011-01-01,190,"Built areas",0
2011-01-01,200,"Bare areas",0
2011-01-01,210,"Water bodies",0.18012
2011-02-01,10,"Crops rainfed",0
2011-02-01,30,"Crop-tree mosaic",0
2011-02-01,60,"Woodland",0
2011-02-01,120,"Shrubland",0.450300000000001
2011-02-01,130,"Grassland",0
2011-02-01,180,"Flooded Vegetation",0
2011-02-01,190,"Built areas",0
2011-02-01,200,"Bare areas",0
2011-02-01,210,"Water bodies",0.18012
2011-03-01,10,"Crops rainfed",0
2011-03-01,30,"Crop-tree mosaic",0
2011-03-01,60,"Woodland",0
2011-03-01,120,"Shrubland",0.450300000000001
2011-03-01,130,"Grassland",0
2011-03-01,180,"Flooded Vegetation",0
2011-03-01,190,"Built areas",0
2011-03-01,200,"Bare areas",0
2011-03-01,210,"Water bodies",0.18012
2011-04-01,10,"Crops rainfed",0
2011-04-01,30,"Crop-tree mosaic",0
2011-04-01,60,"Woodland",0.630420000000001
2011-04-01,120,"Shrubland",3.33222
2011-04-01,130,"Grassland",0
2011-04-01,180,"Flooded Vegetation",0
2011-04-01,190,"Built areas",0
2011-04-01,200,"Bare areas",0
2011-04-01,210,"Water bodies",0.18012
2011-05-01,10,"Crops rainfed",1.71114
2011-05-01,30,"Crop-tree mosaic",0.27018
2011-05-01,60,"Woodland",10.26684
2011-05-01,120,"Shrubland",225.24006
2011-05-01,130,"Grassland",3.87258
2011-05-01,180,"Flooded Vegetation",0
2011-05-01,190,"Built areas",0
2011-05-01,200,"Bare areas",0
2011-05-01,210,"Water bodies",0.18012
2011-06-01,10,"Crops rainfed",0.27018
2011-06-01,30,"Crop-tree mosaic",4.68312000000001
2011-06-01,60,"Woodland",18.82254
2011-06-01,120,"Shrubland",91.5910200000001
2011-06-01,130,"Grassland",2.43162
2011-06-01,180,"Flooded Vegetation",0
2011-06-01,190,"Built areas",0
2011-06-01,200,"Bare areas",0
2011-06-01,210,"Water bodies",0.18012
2011-07-01,10,"Crops rainfed",31.70112
2011-07-01,30,"Crop-tree mosaic",32.06136
2011-07-01,60,"Woodland",21.43428
2011-07-01,120,"Shrubland",1246.79064
2011-07-01,130,"Grassland",20.17344
2011-07-01,180,"Flooded Vegetation",0
2011-07-01,190,"Built areas",0
2011-07-01,200,"Bare areas",0.450300000000001
2011-07-01,210,"Water bodies",0.18012
2011-08-01,10,"Crops rainfed",5.04336000000001
2011-08-01,30,"Crop-tree mosaic",4.59306000000001
2011-08-01,60,"Woodland",8.73582000000001
2011-08-01,120,"Shrubland",319.2627
2011-08-01,130,"Grassland",13.32888
2011-08-01,180,"Flooded Vegetation",0
2011-08-01,190,"Built areas",0
2011-08-01,200,"Bare areas",0.0900600000000001
2011-08-01,210,"Water bodies",0.18012
2011-09-01,10,"Crops rainfed",22.42494
2011-09-01,30,"Crop-tree mosaic",22.0647
2011-09-01,60,"Woodland",82.5850200000001
2011-09-01,120,"Shrubland",1750.3161
2011-09-01,130,"Grassland",94.5630000000001
2011-09-01,180,"Flooded Vegetation",0
2011-09-01,190,"Built areas",0
2011-09-01,200,"Bare areas",5.04336000000001
2011-09-01,210,"Water bodies",0.18012
2011-10-01,10,"Crops rainfed",23.59572
2011-10-01,30,"Crop-tree mosaic",72.5883600000001
2011-10-01,60,"Woodland",106.90122
2011-10-01,120,"Shrubland",969.135660000001
2011-10-01,130,"Grassland",21.07404
2011-10-01,180,"Flooded Vegetation",0
2011-10-01,190,"Built areas",0
2011-10-01,200,"Bare areas",0
2011-10-01,210,"Water bodies",0.18012
2011-11-01,10,"Crops rainfed",11.61774
2011-11-01,30,"Crop-tree mosaic",21.07404
2011-11-01,60,"Woodland",37.3749
2011-11-01,120,"Shrubland",538.198560000001
2011-11-01,130,"Grassland",12.06804
2011-11-01,180,"Flooded Vegetation",0
2011-11-01,190,"Built areas",0
2011-11-01,200,"Bare areas",0
2011-11-01,210,"Water bodies",0.18012
2011-12-01,10,"Crops rainfed",0
2011-12-01,30,"Crop-tree mosaic",0
2011-12-01,60,"Woodland",0
2011-12-01,120,"Shrubland",0.630420000000001
2011-12-01,130,"Grassland",0
2011-12-01,180,"Flooded Vegetation",0
2011-12-01,190,"Built areas",0
2011-12-01,200,"Bare areas",0
2011-12-01,210,"Water bodies",0.18012
2012-01-01,10,"Crops rainfed",0
2012-01-01,30,"Crop-tree mosaic",0
2012-01-01,60,"Woodland",0
2012-01-01,120,"Shrubland",0.450300000000001
2012-01-01,130,"Grassland",0.720480000000001
2012-01-01,180,"Flooded Vegetation",0
2012-01-01,190,"Built areas",0
2012-01-01,200,"Bare areas",0
2012-01-01,210,"Water bodies",0
2012-02-01,10,"Crops rainfed",0
2012-02-01,30,"Crop-tree mosaic",0
2012-02-01,60,"Woodland",0
2012-02-01,120,"Shrubland",0.450300000000001
2012-02-01,130,"Grassland",0.720480000000001
2012-02-01,180,"Flooded Vegetation",0
2012-02-01,190,"Built areas",0
2012-02-01,200,"Bare areas",0
2012-02-01,210,"Water bodies",0
2012-03-01,10,"Crops rainfed",0
2012-03-01,30,"Crop-tree mosaic",0
2012-03-01,60,"Woodland",0
2012-03-01,120,"Shrubland",0.540360000000001
2012-03-01,130,"Grassland",0.720480000000001
2012-03-01,180,"Flooded Vegetation",0
2012-03-01,190,"Built areas",0
2012-03-01,200,"Bare areas",0
2012-03-01,210,"Water bodies",0
2012-04-01,10,"Crops rainfed",0
2012-04-01,30,"Crop-tree mosaic",0
2012-04-01,60,"Woodland",0.0900600000000001
2012-04-01,120,"Shrubland",10.3569
2012-04-01,130,"Grassland",0.720480000000001
2012-04-01,180,"Flooded Vegetation",0
2012-04-01,190,"Built areas",0
2012-04-01,200,"Bare areas",0
2012-04-01,210,"Water bodies",0
2012-05-01,10,"Crops rainfed",1.26084
2012-05-01,30,"Crop-tree mosaic",6.21414000000001
2012-05-01,60,"Woodland",3.06204
2012-05-01,120,"Shrubland",400.406760000001
2012-05-01,130,"Grassland",3.96264
2012-05-01,180,"Flooded Vegetation",0
2012-05-01,190,"Built areas",0
2012-05-01,200,"Bare areas",0
2012-05-01,210,"Water bodies",0.18012
2012-06-01,10,"Crops rainfed",0.27018
2012-06-01,30,"Crop-tree mosaic",3.87258
2012-06-01,60,"Woodland",3.69246
2012-06-01,120,"Shrubland",78.0820200000001
2012-06-01,130,"Grassland",0.720480000000001
2012-06-01,180,"Flooded Vegetation",0
2012-06-01,190,"Built areas",0
2012-06-01,200,"Bare areas",0
2012-06-01,210,"Water bodies",0
2012-07-01,10,"Crops rainfed",0.27018
2012-07-01,30,"Crop-tree mosaic",0.27018
2012-07-01,60,"Woodland",5.40360000000001
2012-07-01,120,"Shrubland",118.78914
2012-07-01,130,"Grassland",2.79186
2012-07-01,180,"Flooded Vegetation",0
2012-07-01,190,"Built areas",0
2012-07-01,200,"Bare areas",0
2012-07-01,210,"Water bodies",0
2012-08-01,10,"Crops rainfed",0.900600000000001
2012-08-01,30,"Crop-tree mosaic",3.1521
2012-08-01,60,"Woodland",18.64242
2012-08-01,120,"Shrubland",183.2721
2012-08-01,130,"Grassland",1.8012
2012-08-01,180,"Flooded Vegetation",0
2012-08-01,190,"Built areas",0
2012-08-01,200,"Bare areas",0
2012-08-01,210,"Water bodies",0
2012-09-01,10,"Crops rainfed",17.65176
2012-09-01,30,"Crop-tree mosaic",10.26684
2012-09-01,60,"Woodland",43.5890400000001
2012-09-01,120,"Shrubland",1385.1228
2012-09-01,130,"Grassland",76.1007000000001
2012-09-01,180,"Flooded Vegetation",0
2012-09-01,190,"Built areas",0
2012-09-01,200,"Bare areas",0.36024
2012-09-01,210,"Water bodies",0
2012-10-01,10,"Crops rainfed",0.630420000000001
2012-10-01,30,"Crop-tree mosaic",0.630420000000001
2012-10-01,60,"Woodland",3.96264
2012-10-01,120,"Shrubland",305.7537
2012-10-01,130,"Grassland",0.720480000000001
2012-10-01,180,"Flooded Vegetation",0
2012-10-01,190,"Built areas",0
2012-10-01,200,"Bare areas",0
2012-10-01,210,"Water bodies",0
2012-11-01,10,"Crops rainfed",1.53102
2012-11-01,30,"Crop-tree mosaic",0.900600000000001
2012-11-01,60,"Woodland",46.2007800000001
2012-11-01,120,"Shrubland",990.750060000001
2012-11-01,130,"Grassland",1.71114
2012-11-01,180,"Flooded Vegetation",0.36024
2012-11-01,190,"Built areas",0
2012-11-01,200,"Bare areas",0
2012-11-01,210,"Water bodies",0
2012-12-01,10,"Crops rainfed",0
2012-12-01,30,"Crop-tree mosaic",0
2012-12-01,60,"Woodland",0
2012-12-01,120,"Shrubland",0.450300000000001
2012-12-01,130,"Grassland",0.720480000000001
2012-12-01,180,"Flooded Vegetation",0
2012-12-01,190,"Built areas",0
2012-12-01,200,"Bare areas",0
2012-12-01,210,"Water bodies",0
2013-01-01,10,"Crops rainfed",0
2013-01-01,30,"Crop-tree mosaic",0
2013-01-01,60,"Woodland",0
2013-01-01,120,"Shrubland",0.36024
2013-01-01,130,"Grassland",0.630420000000001
2013-01-01,180,"Flooded Vegetation",0
2013-01-01,190,"Built areas",0
2013-01-01,200,"Bare areas",0.0900600000000001
2013-01-01,210,"Water bodies",0
2013-02-01,10,"Crops rainfed",0
2013-02-01,30,"Crop-tree mosaic",0
2013-02-01,60,"Woodland",0
2013-02-01,120,"Shrubland",0.36024
2013-02-01,130,"Grassland",0.630420000000001
2013-02-01,180,"Flooded Vegetation",0
2013-02-01,190,"Built areas",0
2013-02-01,200,"Bare areas",0.0900600000000001
2013-02-01,210,"Water bodies",0
2013-03-01,10,"Crops rainfed",0
2013-03-01,30,"Crop-tree mosaic",0
2013-03-01,60,"Woodland",0
2013-03-01,120,"Shrubland",0.36024
2013-03-01,130,"Grassland",0.630420000000001
2013-03-01,180,"Flooded Vegetation",0
2013-03-01,190,"Built areas",0
2013-03-01,200,"Bare areas",0.0900600000000001
2013-03-01,210,"Water bodies",0
2013-04-01,10,"Crops rainfed",0
2013-04-01,30,"Crop-tree mosaic",0
2013-04-01,60,"Woodland",0
2013-04-01,120,"Shrubland",20.44362
2013-04-01,130,"Grassland",0.630420000000001
2013-04-01,180,"Flooded Vegetation",0
2013-04-01,190,"Built areas",0
2013-04-01,200,"Bare areas",0.0900600000000001
2013-04-01,210,"Water bodies",0
2013-05-01,10,"Crops rainfed",0
2013-05-01,30,"Crop-tree mosaic",0
2013-05-01,60,"Woodland",0
2013-05-01,120,"Shrubland",4.77318000000001
2013-05-01,130,"Grassland",0.630420000000001
2013-05-01,180,"Flooded Vegetation",0
2013-05-01,190,"Built areas",0
2013-05-01,200,"Bare areas",0.0900600000000001
2013-05-01,210,"Water bodies",0
2013-06-01,10,"Crops rainfed",0.27018
2013-06-01,30,"Crop-tree mosaic",0
2013-06-01,60,"Woodland",1.3509
2013-06-01,120,"Shrubland",69.5263200000001
2013-06-01,130,"Grassland",0.630420000000001
2013-06-01,180,"Flooded Vegetation",0
2013-06-01,190,"Built areas",0
2013-06-01,200,"Bare areas",0.0900600000000001
2013-06-01,210,"Water bodies",0
2013-07-01,10,"Crops rainfed",0
2013-07-01,30,"Crop-tree mosaic",0.0900600000000001
2013-07-01,60,"Woodland",0.450300000000001
2013-07-01,120,"Shrubland",27.018
2013-07-01,130,"Grassland",0.630420000000001
2013-07-01,180,"Flooded Vegetation",0
2013-07-01,190,"Built areas",0
2013-07-01,200,"Bare areas",0.18012
2013-07-01,210,"Water bodies",0
2013-08-01,10,"Crops rainfed",1.89126
2013-08-01,30,"Crop-tree mosaic",1.26084
2013-08-01,60,"Woodland",4.50300000000001
2013-08-01,120,"Shrubland",254.05926
2013-08-01,130,"Grassland",0.630420000000001
2013-08-01,180,"Flooded Vegetation",0
2013-08-01,190,"Built areas",0
2013-08-01,200,"Bare areas",0.0900600000000001
2013-08-01,210,"Water bodies",0.18012
2013-09-01,10,"Crops rainfed",12.6084
2013-09-01,30,"Crop-tree mosaic",16.75116
2013-09-01,60,"Woodland",23.77584
2013-09-01,120,"Shrubland",626.997720000001
2013-09-01,130,"Grassland",0.810540000000001
2013-09-01,180,"Flooded Vegetation",0
2013-09-01,190,"Built areas",0
2013-09-01,200,"Bare areas",0.0900600000000001
2013-09-01,210,"Water bodies",0
2013-10-01,10,"Crops rainfed",1.08072
2013-10-01,30,"Crop-tree mosaic",1.08072
2013-10-01,60,"Woodland",2.43162
2013-10-01,120,"Shrubland",272.52156
2013-10-01,130,"Grassland",24.04602
2013-10-01,180,"Flooded Vegetation",0
2013-10-01,190,"Built areas",0
2013-10-01,200,"Bare areas",0.36024
2013-10-01,210,"Water bodies",0
2013-11-01,10,"Crops rainfed",7.29486000000001
2013-11-01,30,"Crop-tree mosaic",9.54636000000001
2013-11-01,60,"Woodland",12.69846
2013-11-01,120,"Shrubland",317.28138
2013-11-01,130,"Grassland",32.60172
2013-11-01,180,"Flooded Vegetation",0
2013-11-01,190,"Built areas",0
2013-11-01,200,"Bare areas",0.0900600000000001
2013-11-01,210,"Water bodies",0
2013-12-01,10,"Crops rainfed",0
2013-12-01,30,"Crop-tree mosaic",0
2013-12-01,60,"Woodland",0
2013-12-01,120,"Shrubland",0.36024
2013-12-01,130,"Grassland",0.630420000000001
2013-12-01,180,"Flooded Vegetation",0
2013-12-01,190,"Built areas",0
2013-12-01,200,"Bare areas",0.0900600000000001
2013-12-01,210,"Water bodies",0
2014-01-01,10,"Crops rainfed",0
2014-01-01,30,"Crop-tree mosaic",0
2014-01-01,60,"Woodland",0
2014-01-01,120,"Shrubland",0.36024
2014-01-01,130,"Grassland",0.630420000000001
2014-01-01,180,"Flooded Vegetation",0
2014-01-01,190,"Built areas",0
2014-01-01,200,"Bare areas",0.0900600000000001
2014-01-01,210,"Water bodies",0
2014-02-01,10,"Crops rainfed",0
2014-02-01,30,"Crop-tree mosaic",0
2014-02-01,60,"Woodland",0
2014-02-01,120,"Shrubland",0.36024
2014-02-01,130,"Grassland",0.630420000000001
2014-02-01,180,"Flooded Vegetation",0
2014-02-01,190,"Built areas",0
2014-02-01,200,"Bare areas",0.0900600000000001
2014-02-01,210,"Water bodies",0
2014-03-01,10,"Crops rainfed",0
2014-03-01,30,"Crop-tree mosaic",0
2014-03-01,60,"Woodland",0
2014-03-01,120,"Shrubland",0.36024
2014-03-01,130,"Grassland",0.630420000000001
2014-03-01,180,"Flooded Vegetation",0
2014-03-01,190,"Built areas",0
2014-03-01,200,"Bare areas",0.0900600000000001
2014-03-01,210,"Water bodies",0
2014-04-01,10,"Crops rainfed",0
2014-04-01,30,"Crop-tree mosaic",0
2014-04-01,60,"Woodland",0
2014-04-01,120,"Shrubland",2.16144
2014-04-01,130,"Grassland",0.630420000000001
2014-04-01,180,"Flooded Vegetation",0
2014-04-01,190,"Built areas",0
2014-04-01,200,"Bare areas",0.0900600000000001
2014-04-01,210,"Water bodies",0
2014-05-01,10,"Crops rainfed",0
2014-05-01,30,"Crop-tree mosaic",0.0900600000000001
2014-05-01,60,"Woodland",0.630420000000001
2014-05-01,120,"Shrubland",21.6144
2014-05-01,130,"Grassland",0.630420000000001
2014-05-01,180,"Flooded Vegetation",0
2014-05-01,190,"Built areas",0
2014-05-01,200,"Bare areas",0.0900600000000001
2014-05-01,210,"Water bodies",0
2014-06-01,10,"Crops rainfed",0
2014-06-01,30,"Crop-tree mosaic",0
2014-06-01,60,"Woodland",1.89126
2014-06-01,120,"Shrubland",41.60772
2014-06-01,130,"Grassland",0.630420000000001
2014-06-01,180,"Flooded Vegetation",0
2014-06-01,190,"Built areas",0
2014-06-01,200,"Bare areas",0.0900600000000001
2014-06-01,210,"Water bodies",0
2014-07-01,10,"Crops rainfed",0
2014-07-01,30,"Crop-tree mosaic",0
2014-07-01,60,"Woodland",0.18012
2014-07-01,120,"Shrubland",89.8798800000001
2014-07-01,130,"Grassland",0.720480000000001
2014-07-01,180,"Flooded Vegetation",0
2014-07-01,190,"Built areas",0
2014-07-01,200,"Bare areas",0.0900600000000001
2014-07-01,210,"Water bodies",0
2014-08-01,10,"Crops rainfed",4.68312000000001
2014-08-01,30,"Crop-tree mosaic",1.26084
2014-08-01,60,"Woodland",4.50300000000001
2014-08-01,120,"Shrubland",124.19274
2014-08-01,130,"Grassland",1.3509
2014-08-01,180,"Flooded Vegetation",0
2014-08-01,190,"Built areas",0
2014-08-01,200,"Bare areas",0.0900600000000001
2014-08-01,210,"Water bodies",0
2014-09-01,10,"Crops rainfed",5.94396000000001
2014-09-01,30,"Crop-tree mosaic",3.6024
2014-09-01,60,"Woodland",17.02134
2014-09-01,120,"Shrubland",677.791560000001
2014-09-01,130,"Grassland",4.50300000000001
2014-09-01,180,"Flooded Vegetation",0
2014-09-01,190,"Built areas",0
2014-09-01,200,"Bare areas",0.0900600000000001
2014-09-01,210,"Water bodies",0
2014-10-01,10,"Crops rainfed",7.74516000000001
2014-10-01,30,"Crop-tree mosaic",11.61774
2014-10-01,60,"Woodland",125.72376
2014-10-01,120,"Shrubland",2480.16234
2014-10-01,130,"Grassland",145.08666
2014-10-01,180,"Flooded Vegetation",0.36024
2014-10-01,190,"Built areas",0
2014-10-01,200,"Bare areas",0.540360000000001
2014-10-01,210,"Water bodies",0
2014-11-01,10,"Crops rainfed",0
2014-11-01,30,"Crop-tree mosaic",0
2014-11-01,60,"Woodland",5.22348000000001
2014-11-01,120,"Shrubland",135.36018
2014-11-01,130,"Grassland",2.2515
2014-11-01,180,"Flooded Vegetation",0
2014-11-01,190,"Built areas",0
2014-11-01,200,"Bare areas",0.0900600000000001
2014-11-01,210,"Water bodies",0
2014-12-01,10,"Crops rainfed",0
2014-12-01,30,"Crop-tree mosaic",0
2014-12-01,60,"Woodland",0
2014-12-01,120,"Shrubland",0.36024
2014-12-01,130,"Grassland",0.630420000000001
2014-12-01,180,"Flooded Vegetation",0
2014-12-01,190,"Built areas",0
2014-12-01,200,"Bare areas",0.0900600000000001
2014-12-01,210,"Water bodies",0
2015-01-01,10,"Crops rainfed",0
2015-01-01,30,"Crop-tree mosaic",0
2015-01-01,60,"Woodland",0
2015-01-01,120,"Shrubland",0.36024
2015-01-01,130,"Grassland",0.630420000000001
2015-01-01,180,"Flooded Vegetation",0
2015-01-01,190,"Built areas",0
2015-01-01,200,"Bare areas",0.0900600000000001
2015-01-01,210,"Water bodies",0
2015-02-01,10,"Crops rainfed",0
2015-02-01,30,"Crop-tree mosaic",0
2015-02-01,60,"Woodland",0
2015-02-01,120,"Shrubland",0.36024
2015-02-01,130,"Grassland",0.630420000000001
2015-02-01,180,"Flooded Vegetation",0
2015-02-01,190,"Built areas",0
2015-02-01,200,"Bare areas",0.0900600000000001
2015-02-01,210,"Water bodies",0
2015-03-01,10,"Crops rainfed",0
2015-03-01,30,"Crop-tree mosaic",0
2015-03-01,60,"Woodland",0
2015-03-01,120,"Shrubland",0.36024
2015-03-01,130,"Grassland",0.630420000000001
2015-03-01,180,"Flooded Vegetation",0
2015-03-01,190,"Built areas",0
2015-03-01,200,"Bare areas",0.0900600000000001
2015-03-01,210,"Water bodies",0
2015-04-01,10,"Crops rainfed",0
2015-04-01,30,"Crop-tree mosaic",0
2015-04-01,60,"Woodland",0
2015-04-01,120,"Shrubland",1.17078
2015-04-01,130,"Grassland",0.630420000000001
2015-04-01,180,"Flooded Vegetation",0
2015-04-01,190,"Built areas",0
2015-04-01,200,"Bare areas",0.0900600000000001
2015-04-01,210,"Water bodies",0
2015-05-01,10,"Crops rainfed",0
2015-05-01,30,"Crop-tree mosaic",0
2015-05-01,60,"Woodland",0.18012
2015-05-01,120,"Shrubland",12.87858
2015-05-01,130,"Grassland",0.630420000000001
2015-05-01,180,"Flooded Vegetation",0
2015-05-01,190,"Built areas",0
2015-05-01,200,"Bare areas",0.0900600000000001
2015-05-01,210,"Water bodies",0
2015-06-01,10,"Crops rainfed",0.18012
2015-06-01,30,"Crop-tree mosaic",0
2015-06-01,60,"Woodland",0
2015-06-01,120,"Shrubland",80.8738800000001
2015-06-01,130,"Grassland",1.53102
2015-06-01,180,"Flooded Vegetation",0
2015-06-01,190,"Built areas",0
2015-06-01,200,"Bare areas",0.0900600000000001
2015-06-01,210,"Water bodies",0
2015-07-01,10,"Crops rainfed",13.86924
2015-07-01,30,"Crop-tree mosaic",8.64576000000001
2015-07-01,60,"Woodland",15.40026
2015-07-01,120,"Shrubland",255.41016
2015-07-01,130,"Grassland",1.26084
2015-07-01,180,"Flooded Vegetation",0
2015-07-01,190,"Built areas",0
2015-07-01,200,"Bare areas",0.0900600000000001
2015-07-01,210,"Water bodies",0
2015-08-01,10,"Crops rainfed",5.04336000000001
2015-08-01,30,"Crop-tree mosaic",5.31354000000001
2015-08-01,60,"Woodland",9.18612000000001
2015-08-01,120,"Shrubland",224.96988
2015-08-01,130,"Grassland",6.75450000000001
2015-08-01,180,"Flooded Vegetation",0
2015-08-01,190,"Built areas",0
2015-08-01,200,"Bare areas",0.0900600000000001
2015-08-01,210,"Water bodies",0
2015-09-01,10,"Crops rainfed",0
2015-09-01,30,"Crop-tree mosaic",9.54636000000001
2015-09-01,60,"Woodland",63.4022400000001
2015-09-01,120,"Shrubland",348.26202
2015-09-01,130,"Grassland",15.22014
2015-09-01,180,"Flooded Vegetation",0
2015-09-01,190,"Built areas",0
2015-09-01,200,"Bare areas",0.0900600000000001
2015-09-01,210,"Water bodies",0
2015-10-01,10,"Crops rainfed",2.52168
2015-10-01,30,"Crop-tree mosaic",13.14876
2015-10-01,60,"Woodland",115.2768
2015-10-01,120,"Shrubland",796.760820000001
2015-10-01,130,"Grassland",11.07738
2015-10-01,180,"Flooded Vegetation",0
2015-10-01,190,"Built areas",0
2015-10-01,200,"Bare areas",0.0900600000000001
2015-10-01,210,"Water bodies",0.18012
2015-11-01,10,"Crops rainfed",0.0900600000000001
2015-11-01,30,"Crop-tree mosaic",0.18012
2015-11-01,60,"Woodland",8.91594000000001
2015-11-01,120,"Shrubland",21.70446
2015-11-01,130,"Grassland",0.810540000000001
2015-11-01,180,"Flooded Vegetation",0
2015-11-01,190,"Built areas",0
2015-11-01,200,"Bare areas",0.0900600000000001
2015-11-01,210,"Water bodies",0
2015-12-01,10,"Crops rainfed",0
2015-12-01,30,"Crop-tree mosaic",0.540360000000001
2015-12-01,60,"Woodland",0
2015-12-01,120,"Shrubland",4.77318000000001
2015-12-01,130,"Grassland",0.630420000000001
2015-12-01,180,"Flooded Vegetation",0
2015-12-01,190,"Built areas",0
2015-12-01,200,"Bare areas",0.0900600000000001
2015-12-01,210,"Water bodies",0
2016-01-01,10,"Crops rainfed",0
2016-01-01,30,"Crop-tree mosaic",0
2016-01-01,60,"Woodland",0.540360000000001
2016-01-01,120,"Shrubland",59.1694200000001
2016-01-01,130,"Grassland",2.88192
2016-01-01,180,"Flooded Vegetation",0
2016-01-01,190,"Built areas",0
2016-01-01,200,"Bare areas",0.36024
2016-01-01,210,"Water bodies",0
2016-02-01,10,"Crops rainfed",0
2016-02-01,30,"Crop-tree mosaic",0
2016-02-01,60,"Woodland",0
2016-02-01,120,"Shrubland",0.36024
2016-02-01,130,"Grassland",0.630420000000001
2016-02-01,180,"Flooded Vegetation",0
2016-02-01,190,"Built areas",0
2016-02-01,200,"Bare areas",0.0900600000000001
2016-02-01,210,"Water bodies",0
2016-03-01,10,"Crops rainfed",0
2016-03-01,30,"Crop-tree mosaic",0
2016-03-01,60,"Woodland",0
2016-03-01,120,"Shrubland",0.36024
2016-03-01,130,"Grassland",0.630420000000001
2016-03-01,180,"Flooded Vegetation",0
2016-03-01,190,"Built areas",0
2016-03-01,200,"Bare areas",0.0900600000000001
2016-03-01,210,"Water bodies",0
2016-04-01,10,"Crops rainfed",0
2016-04-01,30,"Crop-tree mosaic",0
2016-04-01,60,"Woodland",0
2016-04-01,120,"Shrubland",0.36024
2016-04-01,130,"Grassland",0.630420000000001
2016-04-01,180,"Flooded Vegetation",0
2016-04-01,190,"Built areas",0
2016-04-01,200,"Bare areas",0.0900600000000001
2016-04-01,210,"Water bodies",0
2016-05-01,10,"Crops rainfed",0
2016-05-01,30,"Crop-tree mosaic",0
2016-05-01,60,"Woodland",0
2016-05-01,120,"Shrubland",0.36024
2016-05-01,130,"Grassland",0.630420000000001
2016-05-01,180,"Flooded Vegetation",0
2016-05-01,190,"Built areas",0
2016-05-01,200,"Bare areas",0.0900600000000001
2016-05-01,210,"Water bodies",0
2016-06-01,10,"Crops rainfed",1.98132
2016-06-01,30,"Crop-tree mosaic",5.22348000000001
2016-06-01,60,"Woodland",4.23282000000001
2016-06-01,120,"Shrubland",90.9606000000001
2016-06-01,130,"Grassland",2.61174
2016-06-01,180,"Flooded Vegetation",0
2016-06-01,190,"Built areas",0
2016-06-01,200,"Bare areas",0.0900600000000001
2016-06-01,210,"Water bodies",0
2016-07-01,10,"Crops rainfed",0
2016-07-01,30,"Crop-tree mosaic",0
2016-07-01,60,"Woodland",1.89126
2016-07-01,120,"Shrubland",55.4769600000001
2016-07-01,130,"Grassland",0.810540000000001
2016-07-01,180,"Flooded Vegetation",0
2016-07-01,190,"Built areas",0
2016-07-01,200,"Bare areas",0.0900600000000001
2016-07-01,210,"Water bodies",0
2016-08-01,10,"Crops rainfed",0
2016-08-01,30,"Crop-tree mosaic",0.18012
2016-08-01,60,"Woodland",17.83188
2016-08-01,120,"Shrubland",70.9672800000001
2016-08-01,130,"Grassland",0.630420000000001
2016-08-01,180,"Flooded Vegetation",0
2016-08-01,190,"Built areas",0
2016-08-01,200,"Bare areas",0.0900600000000001
2016-08-01,210,"Water bodies",0
2016-09-01,10,"Crops rainfed",3.6024
2016-09-01,30,"Crop-tree mosaic",9.81654000000001
2016-09-01,60,"Woodland",13.0587
2016-09-01,120,"Shrubland",918.251760000001
2016-09-01,130,"Grassland",19.45296
2016-09-01,180,"Flooded Vegetation",0
2016-09-01,190,"Built areas",0
2016-09-01,200,"Bare areas",0.0900600000000001
2016-09-01,210,"Water bodies",0
2016-10-01,10,"Crops rainfed",10.08672
2016-10-01,30,"Crop-tree mosaic",4.77318000000001
2016-10-01,60,"Woodland",50.7938400000001
2016-10-01,120,"Shrubland",1324.06212
2016-10-01,130,"Grassland",59.8899000000001
2016-10-01,180,"Flooded Vegetation",0
2016-10-01,190,"Built areas",0
2016-10-01,200,"Bare areas",0.36024
2016-10-01,210,"Water bodies",0
2016-11-01,10,"Crops rainfed",16.12074
2016-11-01,30,"Crop-tree mosaic",9.99666000000001
2016-11-01,60,"Woodland",79.3428600000001
2016-11-01,120,"Shrubland",451.921080000001
2016-11-01,130,"Grassland",28.45896
2016-11-01,180,"Flooded Vegetation",0
2016-11-01,190,"Built areas",0
2016-11-01,200,"Bare areas",0.0900600000000001
2016-11-01,210,"Water bodies",0
2016-12-01,10,"Crops rainfed",0
2016-12-01,30,"Crop-tree mosaic",0
2016-12-01,60,"Woodland",0
2016-12-01,120,"Shrubland",0.36024
2016-12-01,130,"Grassland",0.630420000000001
2016-12-01,180,"Flooded Vegetation",0
2016-12-01,190,"Built areas",0
2016-12-01,200,"Bare areas",0.0900600000000001
2016-12-01,210,"Water bodies",0
2017-01-01,10,"Crops rainfed",0
2017-01-01,30,"Crop-tree mosaic",0
2017-01-01,60,"Woodland",0
2017-01-01,120,"Shrubland",0.36024
2017-01-01,130,"Grassland",0.630420000000001
2017-01-01,180,"Flooded Vegetation",0
2017-01-01,190,"Built areas",0
2017-01-01,200,"Bare areas",0.0900600000000001
2017-01-01,210,"Water bodies",0
2017-02-01,10,"Crops rainfed",0
2017-02-01,30,"Crop-tree mosaic",0
2017-02-01,60,"Woodland",0
2017-02-01,120,"Shrubland",0.36024
2017-02-01,130,"Grassland",0.630420000000001
2017-02-01,180,"Flooded Vegetation",0
2017-02-01,190,"Built areas",0
2017-02-01,200,"Bare areas",0.0900600000000001
2017-02-01,210,"Water bodies",0
2017-03-01,10,"Crops rainfed",0
2017-03-01,30,"Crop-tree mosaic",0
2017-03-01,60,"Woodland",0
2017-03-01,120,"Shrubland",0.630420000000001
2017-03-01,130,"Grassland",1.08072
2017-03-01,180,"Flooded Vegetation",0
2017-03-01,190,"Built areas",0
2017-03-01,200,"Bare areas",3.1521
2017-03-01,210,"Water bodies",0
2017-04-01,10,"Crops rainfed",0
2017-04-01,30,"Crop-tree mosaic",0
2017-04-01,60,"Woodland",0
2017-04-01,120,"Shrubland",25.30686
2017-04-01,130,"Grassland",0.630420000000001
2017-04-01,180,"Flooded Vegetation",0
2017-04-01,190,"Built areas",0
2017-04-01,200,"Bare areas",0.0900600000000001
2017-04-01,210,"Water bodies",0
2017-05-01,10,"Crops rainfed",0
2017-05-01,30,"Crop-tree mosaic",0
2017-05-01,60,"Woodland",0
2017-05-01,120,"Shrubland",47.0113200000001
2017-05-01,130,"Grassland",0.630420000000001
2017-05-01,180,"Flooded Vegetation",0
2017-05-01,190,"Built areas",0
2017-05-01,200,"Bare areas",0.0900600000000001
2017-05-01,210,"Water bodies",0
2017-06-01,10,"Crops rainfed",1.98132
2017-06-01,30,"Crop-tree mosaic",0.450300000000001
2017-06-01,60,"Woodland",0.630420000000001
2017-06-01,120,"Shrubland",81.1440600000001
2017-06-01,130,"Grassland",1.98132
2017-06-01,180,"Flooded Vegetation",0
2017-06-01,190,"Built areas",0
2017-06-01,200,"Bare areas",0.0900600000000001
2017-06-01,210,"Water bodies",0
2017-07-01,10,"Crops rainfed",0.0900600000000001
2017-07-01,30,"Crop-tree mosaic",0.27018
2017-07-01,60,"Woodland",0.27018
2017-07-01,120,"Shrubland",122.84184
2017-07-01,130,"Grassland",0.630420000000001
2017-07-01,180,"Flooded Vegetation",0
2017-07-01,190,"Built areas",0
2017-07-01,200,"Bare areas",0.0900600000000001
2017-07-01,210,"Water bodies",0
2017-08-01,10,"Crops rainfed",11.88792
2017-08-01,30,"Crop-tree mosaic",21.6144
2017-08-01,60,"Woodland",38.7258
2017-08-01,120,"Shrubland",1522.73448
2017-08-01,130,"Grassland",33.68244
2017-08-01,180,"Flooded Vegetation",0.36024
2017-08-01,190,"Built areas",0
2017-08-01,200,"Bare areas",2.61174
2017-08-01,210,"Water bodies",0
2017-09-01,10,"Crops rainfed",51.1540800000001
2017-09-01,30,"Crop-tree mosaic",76.5510000000001
2017-09-01,60,"Woodland",224.87982
2017-09-01,120,"Shrubland",1779.49554
2017-09-01,130,"Grassland",71.2374600000001
2017-09-01,180,"Flooded Vegetation",0
2017-09-01,190,"Built areas",0
2017-09-01,200,"Bare areas",0.36024
2017-09-01,210,"Water bodies",0
2017-10-01,10,"Crops rainfed",43.8592200000001
2017-10-01,30,"Crop-tree mosaic",28.27884
2017-10-01,60,"Woodland",29.98998
2017-10-01,120,"Shrubland",600.430020000001
2017-10-01,130,"Grassland",13.14876
2017-10-01,180,"Flooded Vegetation",0.18012
2017-10-01,190,"Built areas",0
2017-10-01,200,"Bare areas",0.0900600000000001
2017-10-01,210,"Water bodies",0.18012
2017-11-01,10,"Crops rainfed",0
2017-11-01,30,"Crop-tree mosaic",0
2017-11-01,60,"Woodland",3.96264
2017-11-01,120,"Shrubland",94.6530600000001
2017-11-01,130,"Grassland",2.16144
2017-11-01,180,"Flooded Vegetation",0
2017-11-01,190,"Built areas",0
2017-11-01,200,"Bare areas",0.0900600000000001
2017-11-01,210,"Water bodies",0
2017-12-01,10,"Crops rainfed",0
2017-12-01,30,"Crop-tree mosaic",0
2017-12-01,60,"Woodland",0
2017-12-01,120,"Shrubland",0.36024
2017-12-01,130,"Grassland",0.630420000000001
2017-12-01,180,"Flooded Vegetation",0
2017-12-01,190,"Built areas",0
2017-12-01,200,"Bare areas",0.0900600000000001
2017-12-01,210,"Water bodies",0
2018-01-01,10,"Crops rainfed",0
2018-01-01,30,"Crop-tree mosaic",0
2018-01-01,60,"Woodland",0.27018
2018-01-01,120,"Shrubland",3.6024
2018-01-01,130,"Grassland",0.630420000000001
2018-01-01,180,"Flooded Vegetation",0
2018-01-01,190,"Built areas",0
2018-01-01,200,"Bare areas",0
2018-01-01,210,"Water bodies",0
2018-02-01,10,"Crops rainfed",0
2018-02-01,30,"Crop-tree mosaic",0
2018-02-01,60,"Woodland",0
2018-02-01,120,"Shrubland",0.36024
2018-02-01,130,"Grassland",0.630420000000001
2018-02-01,180,"Flooded Vegetation",0
2018-02-01,190,"Built areas",0
2018-02-01,200,"Bare areas",0
2018-02-01,210,"Water bodies",0
2018-03-01,10,"Crops rainfed",0
2018-03-01,30,"Crop-tree mosaic",0
2018-03-01,60,"Woodland",0
2018-03-01,120,"Shrubland",0.900600000000001
2018-03-01,130,"Grassland",0.990660000000001
2018-03-01,180,"Flooded Vegetation",0
2018-03-01,190,"Built areas",0
2018-03-01,200,"Bare areas",0.450300000000001
2018-03-01,210,"Water bodies",0
2018-04-01,10,"Crops rainfed",0
2018-04-01,30,"Crop-tree mosaic",0
2018-04-01,60,"Woodland",0
2018-04-01,120,"Shrubland",0.450300000000001
2018-04-01,130,"Grassland",0.630420000000001
2018-04-01,180,"Flooded Vegetation",0
2018-04-01,190,"Built areas",0
2018-04-01,200,"Bare areas",0
2018-04-01,210,"Water bodies",0
2018-05-01,10,"Crops rainfed",0
2018-05-01,30,"Crop-tree mosaic",0
2018-05-01,60,"Woodland",0
2018-05-01,120,"Shrubland",35.84388
2018-05-01,130,"Grassland",0.630420000000001
2018-05-01,180,"Flooded Vegetation",0
2018-05-01,190,"Built areas",0
2018-05-01,200,"Bare areas",0
2018-05-01,210,"Water bodies",0
2018-06-01,10,"Crops rainfed",0
2018-06-01,30,"Crop-tree mosaic",0
2018-06-01,60,"Woodland",0
2018-06-01,120,"Shrubland",14.31954
2018-06-01,130,"Grassland",0.630420000000001
2018-06-01,180,"Flooded Vegetation",0
2018-06-01,190,"Built areas",0
2018-06-01,200,"Bare areas",0
2018-06-01,210,"Water bodies",0
2018-07-01,10,"Crops rainfed",0
2018-07-01,30,"Crop-tree mosaic",0.720480000000001
2018-07-01,60,"Woodland",1.89126
2018-07-01,120,"Shrubland",26.38758
2018-07-01,130,"Grassland",5.13342000000001
2018-07-01,180,"Flooded Vegetation",0
2018-07-01,190,"Built areas",0
2018-07-01,200,"Bare areas",0
2018-07-01,210,"Water bodies",0.18012
2018-08-01,10,"Crops rainfed",0
2018-08-01,30,"Crop-tree mosaic",0
2018-08-01,60,"Woodland",0
2018-08-01,120,"Shrubland",62.6817600000001
2018-08-01,130,"Grassland",0.630420000000001
2018-08-01,180,"Flooded Vegetation",0
2018-08-01,190,"Built areas",0
2018-08-01,200,"Bare areas",0
2018-08-01,210,"Water bodies",0
2018-09-01,10,"Crops rainfed",10.98732
2018-09-01,30,"Crop-tree mosaic",5.76384000000001
2018-09-01,60,"Woodland",24.04602
2018-09-01,120,"Shrubland",513.972420000001
2018-09-01,130,"Grassland",8.10540000000001
2018-09-01,180,"Flooded Vegetation",0
2018-09-01,190,"Built areas",0
2018-09-01,200,"Bare areas",0
2018-09-01,210,"Water bodies",0
2018-10-01,10,"Crops rainfed",22.87524
2018-10-01,30,"Crop-tree mosaic",22.9653
2018-10-01,60,"Woodland",106.54098
2018-10-01,120,"Shrubland",1652.51094
2018-10-01,130,"Grassland",114.8265
2018-10-01,180,"Flooded Vegetation",0
2018-10-01,190,"Built areas",0
2018-10-01,200,"Bare areas",0
2018-10-01,210,"Water bodies",0
2018-11-01,10,"Crops rainfed",1.71114
2018-11-01,30,"Crop-tree mosaic",10.62708
2018-11-01,60,"Woodland",9.72648000000001
2018-11-01,120,"Shrubland",122.9319
2018-11-01,130,"Grassland",4.32288000000001
2018-11-01,180,"Flooded Vegetation",0
2018-11-01,190,"Built areas",0
2018-11-01,200,"Bare areas",0
2018-11-01,210,"Water bodies",0
2018-12-01,10,"Crops rainfed",0
2018-12-01,30,"Crop-tree mosaic",0
2018-12-01,60,"Woodland",0.27018
2018-12-01,120,"Shrubland",5.40360000000001
2018-12-01,130,"Grassland",1.26084
2018-12-01,180,"Flooded Vegetation",0
2018-12-01,190,"Built areas",0
2018-12-01,200,"Bare areas",0
2018-12-01,210,"Water bodies",0
