"","country","year","from_class","to_class","from_desc","to_desc","area_km2","perc_affected","change"
"18","BW",2000,10,10,"Crops rainfed","Crops rainfed",519.96662784,12.2859679533252,"No change"
"42","BW",2000,30,30,"Crop-tree mosaic","Crop-tree mosaic",67.45609728,1.59387815499091,"No change"
"86","BW",2000,30,60,"Crop-tree mosaic","Woodland",0.08946432,0.00211389675728237,"Woodland expansion"
"23","BW",2000,60,10,"Woodland","Crops rainfed",0.35785728,0.0084555870291295,"Crops rainfed expansion"
"73","BW",2000,60,60,"Woodland","Woodland",617.03541504,14.5795459349765,"No change"
"77","BW",2000,120,60,"Shrubland","Woodland",2.50500096,0.0591891092039065,"Woodland expansion"
"121","BW",2000,120,120,"Shrubland","Shrubland",2889.697536,68.2788652602207,"No change"
"154","BW",2000,120,190,"Shrubland","Built areas",0.08946432,0.00211389675728237,"Built areas expansion"
"75","BW",2000,130,60,"Grassland","Woodland",0.71571456,0.016911174058259,"Woodland expansion"
"145","BW",2000,130,130,"Grassland","Grassland",175.3500672,4.14323764427345,"No change"
"165","BW",2000,190,190,"Built areas","Built areas",0.08946432,0.00211389675728237,"No change"
"190","BW",2000,200,200,"Bare areas","Bare areas",5.54678784,0.131061598951507,"No change"
"8","BW",2001,10,10,"Crops rainfed","Crops rainfed",520.32448512,12.2944235403543,"No change"
"34","BW",2001,30,30,"Crop-tree mosaic","Crop-tree mosaic",67.18770432,1.58753646471906,"No change"
"101","BW",2001,30,60,"Crop-tree mosaic","Woodland",0.26839296,0.00634169027184712,"Woodland expansion"
"10","BW",2001,60,10,"Woodland","Crops rainfed",0.35785728,0.0084555870291295,"Crops rainfed expansion"
"56","BW",2001,60,60,"Woodland","Woodland",614.26202112,14.5140151355008,"No change"
"111","BW",2001,60,120,"Woodland","Shrubland",0.4473216,0.0105694837864119,"Shrubland expansion"
"96","BW",2001,120,60,"Shrubland","Woodland",7.69393152,0.181795121126284,"Woodland expansion"
"129","BW",2001,120,120,"Shrubland","Shrubland",2881.6457472,68.0886145520653,"No change"
"174","BW",2001,120,200,"Shrubland","Bare areas",0.35785728,0.0084555870291295,"Bare areas expansion"
"88","BW",2001,130,60,"Grassland","Woodland",0.62625024,0.0147972773009766,"Woodland expansion"
"143","BW",2001,130,130,"Grassland","Grassland",174.72381696,4.12844036697248,"No change"
"170","BW",2001,190,190,"Built areas","Built areas",0.17892864,0.00422779351456475,"No change"
"176","BW",2001,200,200,"Bare areas","Bare areas",5.54678784,0.131061598951507,"No change"
"7","BW",2002,10,10,"Crops rainfed","Crops rainfed",520.6823424,12.3028791273834,"No change"
"31","BW",2002,30,30,"Crop-tree mosaic","Crop-tree mosaic",67.18770432,1.58753646471906,"No change"
"65","BW",2002,60,60,"Woodland","Woodland",618.37737984,14.6112543863358,"No change"
"66","BW",2002,120,60,"Shrubland","Woodland",0.53678592,0.0126833805436942,"Woodland expansion"
"123","BW",2002,120,120,"Shrubland","Shrubland",2881.55628288,68.086500655308,"No change"
"148","BW",2002,130,130,"Grassland","Grassland",174.72381696,4.12844036697248,"No change"
"172","BW",2002,190,190,"Built areas","Built areas",0.17892864,0.00422779351456475,"No change"
"178","BW",2002,200,200,"Bare areas","Bare areas",5.90464512,0.139517185980637,"No change"
"17","BW",2003,10,10,"Crops rainfed","Crops rainfed",520.6823424,12.3028791273834,"No change"
"35","BW",2003,30,30,"Crop-tree mosaic","Crop-tree mosaic",67.18770432,1.58753646471906,"No change"
"21","BW",2003,60,10,"Woodland","Crops rainfed",0.8946432,0.0211389675728237,"Crops rainfed expansion"
"71","BW",2003,60,60,"Woodland","Woodland",617.84059392,14.5985710057921,"No change"
"113","BW",2003,120,120,"Shrubland","Shrubland",2881.55628288,68.086500655308,"No change"
"140","BW",2003,130,130,"Grassland","Grassland",174.72381696,4.12844036697248,"No change"
"159","BW",2003,190,190,"Built areas","Built areas",0.17892864,0.00422779351456475,"No change"
"173","BW",2003,200,200,"Bare areas","Bare areas",5.90464512,0.139517185980637,"No change"
"13","BW",2004,10,10,"Crops rainfed","Crops rainfed",521.5769856,12.3240180949562,"No change"
"25","BW",2004,30,30,"Crop-tree mosaic","Crop-tree mosaic",65.84573952,1.55582801335983,"No change"
"60","BW",2004,30,60,"Crop-tree mosaic","Woodland",1.3419648,0.0317084513592356,"Woodland expansion"
"9","BW",2004,60,10,"Woodland","Crops rainfed",0.08946432,0.00211389675728237,"Crops rainfed expansion"
"32","BW",2004,60,30,"Woodland","Crop-tree mosaic",0.08946432,0.00211389675728237,"Crop-tree mosaic expansion"
"48","BW",2004,60,60,"Woodland","Woodland",588.04897536,13.894643385617,"No change"
"80","BW",2004,120,60,"Shrubland","Woodland",8.76750336,0.207161882213673,"Woodland expansion"
"115","BW",2004,120,120,"Shrubland","Shrubland",2872.78877952,67.8793387730943,"No change"
"79","BW",2004,130,60,"Grassland","Woodland",1.43142912,0.033822348116518,"Woodland expansion"
"134","BW",2004,130,130,"Grassland","Grassland",173.29238784,4.09461801885596,"No change"
"155","BW",2004,190,190,"Built areas","Built areas",0.17892864,0.00422779351456475,"No change"
"183","BW",2004,200,200,"Bare areas","Bare areas",5.90464512,0.139517185980637,"No change"
"15","BW",2005,10,10,"Crops rainfed","Crops rainfed",521.66644992,12.3261319917135,"No change"
"39","BW",2005,30,30,"Crop-tree mosaic","Crop-tree mosaic",65.93520384,1.55794191011711,"No change"
"67","BW",2005,60,60,"Woodland","Woodland",600.39505152,14.186361138122,"No change"
"84","BW",2005,120,60,"Shrubland","Woodland",5.01000192,0.118378218407813,"Woodland expansion"
"120","BW",2005,120,120,"Shrubland","Shrubland",2867.7787776,67.7609605546865,"No change"
"90","BW",2005,130,60,"Grassland","Woodland",1.16303616,0.0274806578446709,"Woodland expansion"
"133","BW",2005,130,130,"Grassland","Grassland",172.12935168,4.06713736101129,"No change"
"156","BW",2005,190,190,"Built areas","Built areas",0.17892864,0.00422779351456475,"No change"
"191","BW",2005,200,200,"Bare areas","Bare areas",5.90464512,0.139517185980637,"No change"
"12","BW",2006,10,10,"Crops rainfed","Crops rainfed",521.21912832,12.3155625079271,"No change"
"58","BW",2006,10,60,"Crops rainfed","Woodland",0.4473216,0.0105694837864119,"Woodland expansion"
"28","BW",2006,30,30,"Crop-tree mosaic","Crop-tree mosaic",65.93520384,1.55794191011711,"No change"
"62","BW",2006,60,60,"Woodland","Woodland",606.03130368,14.3195366338308,"No change"
"55","BW",2006,120,60,"Shrubland","Woodland",1.25250048,0.0295945546019532,"Woodland expansion"
"119","BW",2006,120,120,"Shrubland","Shrubland",2866.52627712,67.7313660000846,"No change"
"144","BW",2006,130,130,"Grassland","Grassland",172.12935168,4.06713736101129,"No change"
"169","BW",2006,190,190,"Built areas","Built areas",0.17892864,0.00422779351456475,"No change"
"179","BW",2006,200,200,"Bare areas","Bare areas",5.90464512,0.139517185980637,"No change"
"4","BW",2007,10,10,"Crops rainfed","Crops rainfed",521.21912832,12.3155625079271,"No change"
"37","BW",2007,30,30,"Crop-tree mosaic","Crop-tree mosaic",65.93520384,1.55794191011711,"No change"
"59","BW",2007,60,60,"Woodland","Woodland",607.4627328,14.3533589819473,"No change"
"112","BW",2007,60,120,"Woodland","Shrubland",0.26839296,0.00634169027184712,"Shrubland expansion"
"92","BW",2007,120,60,"Shrubland","Woodland",4.0258944,0.0951253540777069,"Woodland expansion"
"118","BW",2007,120,120,"Shrubland","Shrubland",2862.50038272,67.6362406460069,"No change"
"85","BW",2007,130,60,"Grassland","Woodland",3.84696576,0.0908975605631421,"Woodland expansion"
"139","BW",2007,130,130,"Grassland","Grassland",168.28238592,3.97623980044815,"No change"
"167","BW",2007,190,190,"Built areas","Built areas",0.17892864,0.00422779351456475,"No change"
"181","BW",2007,200,200,"Bare areas","Bare areas",5.90464512,0.139517185980637,"No change"
"6","BW",2008,10,10,"Crops rainfed","Crops rainfed",519.51930624,12.2753984695388,"No change"
"54","BW",2008,10,60,"Crops rainfed","Woodland",1.69982208,0.0401640383883651,"Woodland expansion"
"43","BW",2008,30,30,"Crop-tree mosaic","Crop-tree mosaic",65.21948928,1.54103073605885,"No change"
"44","BW",2008,30,60,"Crop-tree mosaic","Woodland",0.71571456,0.016911174058259,"Woodland expansion"
"87","BW",2008,60,60,"Woodland","Woodland",609.52041216,14.4019786073648,"No change"
"97","BW",2008,120,60,"Shrubland","Woodland",64.95109632,1.534689045787,"Woodland expansion"
"131","BW",2008,120,120,"Shrubland","Shrubland",2797.5492864,66.1015516002198,"No change"
"99","BW",2008,130,60,"Grassland","Woodland",1.69982208,0.0401640383883651,"Woodland expansion"
"149","BW",2008,130,130,"Grassland","Grassland",166.58256384,3.93607576205978,"No change"
"168","BW",2008,190,190,"Built areas","Built areas",0.17892864,0.00422779351456475,"No change"
"189","BW",2008,200,200,"Bare areas","Bare areas",5.90464512,0.139517185980637,"No change"
"5","BW",2009,10,10,"Crops rainfed","Crops rainfed",519.16144896,12.2669428825096,"No change"
"51","BW",2009,10,60,"Crops rainfed","Woodland",0.35785728,0.0084555870291295,"Woodland expansion"
"36","BW",2009,30,30,"Crop-tree mosaic","Crop-tree mosaic",65.21948928,1.54103073605885,"No change"
"47","BW",2009,60,60,"Woodland","Woodland",677.51329536,16.0085401428994,"No change"
"76","BW",2009,120,60,"Shrubland","Woodland",21.0241152,0.496765737961358,"Woodland expansion"
"109","BW",2009,120,120,"Shrubland","Shrubland",2776.25677824,65.5984441719866,"No change"
"81","BW",2009,130,60,"Grassland","Woodland",1.87875072,0.0443918319029299,"Woodland expansion"
"137","BW",2009,130,130,"Grassland","Grassland",164.70381312,3.89168393015685,"No change"
"171","BW",2009,190,190,"Built areas","Built areas",0.17892864,0.00422779351456475,"No change"
"94","BW",2009,200,60,"Bare areas","Woodland",0.26839296,0.00634169027184712,"Woodland expansion"
"192","BW",2009,200,200,"Bare areas","Bare areas",5.63625216,0.13317549570879,"No change"
"20","BW",2010,10,10,"Crops rainfed","Crops rainfed",519.16144896,12.2669428825096,"No change"
"30","BW",2010,30,30,"Crop-tree mosaic","Crop-tree mosaic",65.21948928,1.54103073605885,"No change"
"45","BW",2010,60,60,"Woodland","Woodland",701.66866176,16.5792922673657,"No change"
"69","BW",2010,120,60,"Shrubland","Woodland",2.50500096,0.0591891092039065,"Woodland expansion"
"127","BW",2010,120,120,"Shrubland","Shrubland",2773.75177728,65.5392550627827,"No change"
"147","BW",2010,130,130,"Grassland","Grassland",164.70381312,3.89168393015685,"No change"
"163","BW",2010,190,190,"Built areas","Built areas",0.17892864,0.00422779351456475,"No change"
"187","BW",2010,200,200,"Bare areas","Bare areas",5.63625216,0.13317549570879,"No change"
"16","BW",2011,10,10,"Crops rainfed","Crops rainfed",519.16144896,12.2669428825096,"No change"
"33","BW",2011,30,30,"Crop-tree mosaic","Crop-tree mosaic",65.21948928,1.54103073605885,"No change"
"63","BW",2011,60,60,"Woodland","Woodland",702.65276928,16.6025451316958,"No change"
"104","BW",2011,60,120,"Woodland","Shrubland",1.07357184,0.0253667610873885,"Shrubland expansion"
"82","BW",2011,120,60,"Shrubland","Woodland",9.57268224,0.226186953029214,"Woodland expansion"
"105","BW",2011,120,120,"Shrubland","Shrubland",2764.17909504,65.3130681097535,"No change"
"98","BW",2011,130,60,"Grassland","Woodland",1.16303616,0.0274806578446709,"Woodland expansion"
"152","BW",2011,130,130,"Grassland","Grassland",163.54077696,3.86420327231218,"No change"
"161","BW",2011,190,190,"Built areas","Built areas",0.17892864,0.00422779351456475,"No change"
"184","BW",2011,200,200,"Bare areas","Bare areas",5.63625216,0.13317549570879,"No change"
"11","BW",2012,10,10,"Crops rainfed","Crops rainfed",519.16144896,12.2669428825096,"No change"
"26","BW",2012,30,30,"Crop-tree mosaic","Crop-tree mosaic",65.21948928,1.54103073605885,"No change"
"53","BW",2012,60,60,"Woodland","Woodland",713.65688064,16.8625544328415,"No change"
"72","BW",2012,120,60,"Shrubland","Woodland",1.07357184,0.0253667610873885,"Woodland expansion"
"110","BW",2012,120,120,"Shrubland","Shrubland",2765.16320256,65.3363209740836,"No change"
"142","BW",2012,130,130,"Grassland","Grassland",163.54077696,3.86420327231218,"No change"
"158","BW",2012,190,190,"Built areas","Built areas",0.17892864,0.00422779351456475,"No change"
"182","BW",2012,200,200,"Bare areas","Bare areas",5.63625216,0.13317549570879,"No change"
"1","BW",2013,10,10,"Crops rainfed","Crops rainfed",519.16144896,12.2669428825096,"No change"
"29","BW",2013,30,30,"Crop-tree mosaic","Crop-tree mosaic",65.21948928,1.54103073605885,"No change"
"74","BW",2013,60,60,"Woodland","Woodland",714.73045248,16.8879211939289,"No change"
"107","BW",2013,120,120,"Shrubland","Shrubland",2765.16320256,65.3363209740836,"No change"
"150","BW",2013,130,130,"Grassland","Grassland",163.54077696,3.86420327231218,"No change"
"164","BW",2013,190,190,"Built areas","Built areas",0.17892864,0.00422779351456475,"No change"
"188","BW",2013,200,200,"Bare areas","Bare areas",5.63625216,0.13317549570879,"No change"
"14","BW",2014,10,10,"Crops rainfed","Crops rainfed",519.16144896,12.2669428825096,"No change"
"38","BW",2014,30,30,"Crop-tree mosaic","Crop-tree mosaic",65.21948928,1.54103073605885,"No change"
"70","BW",2014,60,60,"Woodland","Woodland",714.19366656,16.8752378133852,"No change"
"64","BW",2014,120,60,"Shrubland","Woodland",9.93053952,0.234642540058344,"Woodland expansion"
"122","BW",2014,120,120,"Shrubland","Shrubland",2754.33801984,65.0805394664525,"No change"
"91","BW",2014,130,60,"Grassland","Woodland",1.25250048,0.0295945546019532,"Woodland expansion"
"135","BW",2014,130,130,"Grassland","Grassland",162.28827648,3.83460871771023,"No change"
"160","BW",2014,190,190,"Built areas","Built areas",0.17892864,0.00422779351456475,"No change"
"175","BW",2014,200,200,"Bare areas","Bare areas",5.63625216,0.13317549570879,"No change"
"22","BW",2015,10,10,"Crops rainfed","Crops rainfed",519.16144896,12.2669428825096,"No change"
"40","BW",2015,30,30,"Crop-tree mosaic","Crop-tree mosaic",65.21948928,1.54103073605885,"No change"
"49","BW",2015,60,60,"Woodland","Woodland",725.37670656,17.1394749080455,"No change"
"125","BW",2015,120,120,"Shrubland","Shrubland",2754.33801984,65.0805394664525,"No change"
"141","BW",2015,130,130,"Grassland","Grassland",162.28827648,3.83460871771023,"No change"
"157","BW",2015,190,190,"Built areas","Built areas",0.17892864,0.00422779351456475,"No change"
"180","BW",2015,200,200,"Bare areas","Bare areas",5.63625216,0.13317549570879,"No change"
"3","BW",2016,10,10,"Crops rainfed","Crops rainfed",518.98252032,12.2627150889951,"No change"
"117","BW",2016,10,120,"Crops rainfed","Shrubland",0.17892864,0.00422779351456475,"Shrubland expansion"
"41","BW",2016,30,30,"Crop-tree mosaic","Crop-tree mosaic",64.95109632,1.534689045787,"No change"
"93","BW",2016,60,60,"Woodland","Woodland",716.07241728,16.9196296452881,"No change"
"116","BW",2016,60,120,"Woodland","Shrubland",6.709824,0.158542256796178,"Shrubland expansion"
"132","BW",2016,60,130,"Woodland","Grassland",0.17892864,0.00422779351456475,"Grassland expansion"
"78","BW",2016,120,60,"Shrubland","Woodland",9.48321792,0.224073056271932,"Woodland expansion"
"130","BW",2016,120,120,"Shrubland","Shrubland",2738.86069248,64.7148353274426,"No change"
"136","BW",2016,120,130,"Shrubland","Grassland",0.62625024,0.0147972773009766,"Grassland expansion"
"103","BW",2016,130,60,"Grassland","Woodland",1.43142912,0.033822348116518,"Woodland expansion"
"106","BW",2016,130,120,"Grassland","Shrubland",7.33607424,0.173339534097155,"Shrubland expansion"
"138","BW",2016,130,130,"Grassland","Grassland",153.52077312,3.62744683549655,"No change"
"153","BW",2016,190,190,"Built areas","Built areas",0.17892864,0.00422779351456475,"No change"
"185","BW",2016,200,200,"Bare areas","Bare areas",5.63625216,0.13317549570879,"No change"
"19","BW",2017,10,10,"Crops rainfed","Crops rainfed",513.88305408,12.14222297383,"No change"
"57","BW",2017,10,60,"Crops rainfed","Woodland",5.09946624,0.120492115165095,"Woodland expansion"
"27","BW",2017,30,30,"Crop-tree mosaic","Crop-tree mosaic",64.68270336,1.52834735551516,"No change"
"83","BW",2017,30,60,"Crop-tree mosaic","Woodland",0.26839296,0.00634169027184712,"Woodland expansion"
"61","BW",2017,60,60,"Woodland","Woodland",727.70277888,17.1944362237348,"No change"
"124","BW",2017,60,120,"Woodland","Shrubland",0.08946432,0.00211389675728237,"Shrubland expansion"
"52","BW",2017,120,60,"Shrubland","Woodland",50.45787648,1.19223777110726,"Woodland expansion"
"126","BW",2017,120,120,"Shrubland","Shrubland",2704.86425088,63.9115545596753,"No change"
"89","BW",2017,130,60,"Grassland","Woodland",1.16303616,0.0274806578446709,"Woodland expansion"
"151","BW",2017,130,130,"Grassland","Grassland",153.16291584,3.61899124846743,"No change"
"162","BW",2017,190,190,"Built areas","Built areas",0.17892864,0.00422779351456475,"No change"
"186","BW",2017,200,200,"Bare areas","Bare areas",5.63625216,0.13317549570879,"No change"
"2","BW",2018,10,10,"Crops rainfed","Crops rainfed",513.61466112,12.1358812835581,"No change"
"46","BW",2018,10,60,"Crops rainfed","Woodland",0.26839296,0.00634169027184712,"Woodland expansion"
"24","BW",2018,30,30,"Crop-tree mosaic","Crop-tree mosaic",63.9669888,1.5114361814569,"No change"
"50","BW",2018,30,60,"Crop-tree mosaic","Woodland",0.71571456,0.016911174058259,"Woodland expansion"
"68","BW",2018,60,60,"Woodland","Woodland",786.57030144,18.5853802900266,"No change"
"108","BW",2018,60,120,"Woodland","Shrubland",0.17892864,0.00422779351456475,"Shrubland expansion"
"95","BW",2018,120,60,"Shrubland","Woodland",31.93876224,0.754661142349808,"Woodland expansion"
"114","BW",2018,120,120,"Shrubland","Shrubland",2673.01495296,63.1590073140828,"No change"
"100","BW",2018,130,60,"Grassland","Woodland",0.62625024,0.0147972773009766,"Woodland expansion"
"128","BW",2018,130,120,"Grassland","Shrubland",0.4473216,0.0105694837864119,"Shrubland expansion"
"146","BW",2018,130,130,"Grassland","Grassland",152.089344,3.59362448738004,"No change"
"166","BW",2018,190,190,"Built areas","Built areas",0.17892864,0.00422779351456475,"No change"
"102","BW",2018,200,60,"Bare areas","Woodland",0.35785728,0.0084555870291295,"Woodland expansion"
"177","BW",2018,200,200,"Bare areas","Bare areas",5.27839488,0.12471990867966,"No change"
"198","ZW",2000,10,10,"Crops rainfed","Crops rainfed",999.13752576,7.99169916633869,"No change"
"272","ZW",2000,10,60,"Crops rainfed","Woodland",0.53678592,0.00429353465240259,"Woodland expansion"
"397","ZW",2000,10,130,"Crops rainfed","Grassland",0.71571456,0.00572471286987012,"Grassland expansion"
"260","ZW",2000,30,30,"Crop-tree mosaic","Crop-tree mosaic",585.27558144,4.68138394933629,"No change"
"291","ZW",2000,30,60,"Crop-tree mosaic","Woodland",6.62035968,0.0529535940462986,"Woodland expansion"
"224","ZW",2000,60,10,"Woodland","Crops rainfed",1.96821504,0.0157429603921428,"Crops rainfed expansion"
"275","ZW",2000,60,60,"Woodland","Woodland",1327.29265152,10.6164800171741,"No change"
"360","ZW",2000,60,120,"Woodland","Shrubland",0.08946432,0.000715589108733765,"Shrubland expansion"
"432","ZW",2000,60,190,"Woodland","Built areas",0.08946432,0.000715589108733765,"Built areas expansion"
"328","ZW",2000,120,60,"Shrubland","Woodland",23.97643776,0.191777881140649,"Woodland expansion"
"348","ZW",2000,120,120,"Shrubland","Shrubland",9376.57645056,74.9994633081685,"No change"
"431","ZW",2000,120,190,"Shrubland","Built areas",0.62625024,0.00500912376113636,"Built areas expansion"
"393","ZW",2000,130,130,"Grassland","Grassland",134.01755136,1.07195248488318,"No change"
"317","ZW",2000,180,60,"Flooded Vegetation","Woodland",0.17892864,0.00143117821746753,"Woodland expansion"
"415","ZW",2000,180,180,"Flooded Vegetation","Flooded Vegetation",3.22071552,0.0257612079144155,"No change"
"449","ZW",2000,190,190,"Built areas","Built areas",18.69804288,0.149558123725357,"No change"
"476","ZW",2000,200,200,"Bare areas","Bare areas",9.12536064,0.072990089090844,"No change"
"485","ZW",2000,210,210,"Water bodies","Water bodies",16.5508992,0.132383985115747,"No change"
"214","ZW",2001,10,10,"Crops rainfed","Crops rainfed",996.6325248,7.97166267129414,"No change"
"312","ZW",2001,10,60,"Crops rainfed","Woodland",4.65214464,0.0372106336541558,"Woodland expansion"
"250","ZW",2001,30,30,"Crop-tree mosaic","Crop-tree mosaic",572.66111232,4.58048588500483,"No change"
"273","ZW",2001,30,60,"Crop-tree mosaic","Woodland",12.61446912,0.100898064331461,"Woodland expansion"
"231","ZW",2001,60,10,"Woodland","Crops rainfed",4.74160896,0.0379262227628895,"Crops rainfed expansion"
"253","ZW",2001,60,30,"Woodland","Crop-tree mosaic",0.17892864,0.00143117821746753,"Crop-tree mosaic expansion"
"285","ZW",2001,60,60,"Woodland","Woodland",1361.46802176,10.8898350567104,"No change"
"354","ZW",2001,60,120,"Woodland","Shrubland",3.04178688,0.024330029696948,"Shrubland expansion"
"314","ZW",2001,120,60,"Shrubland","Woodland",11.6303616,0.0930265841353895,"Woodland expansion"
"362","ZW",2001,120,120,"Shrubland","Shrubland",9361.9937664,74.8828222834449,"No change"
"396","ZW",2001,130,130,"Grassland","Grassland",134.73326592,1.07767719775305,"No change"
"404","ZW",2001,180,180,"Flooded Vegetation","Flooded Vegetation",3.22071552,0.0257612079144155,"No change"
"447","ZW",2001,190,190,"Built areas","Built areas",19.50322176,0.155998425703961,"No change"
"461","ZW",2001,200,200,"Bare areas","Bare areas",9.12536064,0.072990089090844,"No change"
"482","ZW",2001,210,210,"Water bodies","Water bodies",16.5508992,0.132383985115747,"No change"
"194","ZW",2002,10,10,"Crops rainfed","Crops rainfed",999.763776,7.99670829009982,"No change"
"276","ZW",2002,10,60,"Crops rainfed","Woodland",1.69982208,0.0135961930659415,"Woodland expansion"
"245","ZW",2002,30,30,"Crop-tree mosaic","Crop-tree mosaic",567.2037888,4.53683494937207,"No change"
"295","ZW",2002,30,60,"Crop-tree mosaic","Woodland",5.72571648,0.045797702958961,"Woodland expansion"
"226","ZW",2002,60,10,"Woodland","Crops rainfed",1.43142912,0.0114494257397402,"Crops rainfed expansion"
"309","ZW",2002,60,60,"Woodland","Woodland",1389.20196096,11.1116676804179,"No change"
"338","ZW",2002,60,120,"Woodland","Shrubland",1.25250048,0.0100182475222727,"Shrubland expansion"
"301","ZW",2002,120,60,"Shrubland","Woodland",10.82518272,0.0865862821567856,"Woodland expansion"
"373","ZW",2002,120,120,"Shrubland","Shrubland",9356.71537152,74.8406025260296,"No change"
"389","ZW",2002,130,130,"Grassland","Grassland",134.73326592,1.07767719775305,"No change"
"417","ZW",2002,180,180,"Flooded Vegetation","Flooded Vegetation",3.22071552,0.0257612079144155,"No change"
"459","ZW",2002,190,190,"Built areas","Built areas",19.50322176,0.155998425703961,"No change"
"480","ZW",2002,200,200,"Bare areas","Bare areas",9.12536064,0.072990089090844,"No change"
"498","ZW",2002,210,210,"Water bodies","Water bodies",16.5508992,0.132383985115747,"No change"
"227","ZW",2003,10,10,"Crops rainfed","Crops rainfed",999.85324032,7.99742387920856,"No change"
"300","ZW",2003,10,60,"Crops rainfed","Woodland",1.3419648,0.0107338366310065,"Woodland expansion"
"266","ZW",2003,30,30,"Crop-tree mosaic","Crop-tree mosaic",564.9671808,4.51894522165373,"No change"
"331","ZW",2003,30,60,"Crop-tree mosaic","Woodland",2.236608,0.0178897277183441,"Woodland expansion"
"201","ZW",2003,60,10,"Woodland","Crops rainfed",0.8946432,0.00715589108733765,"Crops rainfed expansion"
"293","ZW",2003,60,60,"Woodland","Woodland",1405.75286016,11.2440516655337,"No change"
"346","ZW",2003,60,120,"Woodland","Shrubland",0.8946432,0.00715589108733765,"Shrubland expansion"
"313","ZW",2003,120,60,"Shrubland","Woodland",2.77339392,0.0221832623707467,"Woodland expansion"
"342","ZW",2003,120,120,"Shrubland","Shrubland",9357.0732288,74.8434648824645,"No change"
"378","ZW",2003,130,130,"Grassland","Grassland",134.73326592,1.07767719775305,"No change"
"414","ZW",2003,180,180,"Flooded Vegetation","Flooded Vegetation",3.22071552,0.0257612079144155,"No change"
"453","ZW",2003,190,190,"Built areas","Built areas",19.50322176,0.155998425703961,"No change"
"466","ZW",2003,200,200,"Bare areas","Bare areas",9.12536064,0.072990089090844,"No change"
"488","ZW",2003,210,210,"Water bodies","Water bodies",16.5508992,0.132383985115747,"No change"
"234","ZW",2004,10,10,"Crops rainfed","Crops rainfed",998.77966848,7.98883680990375,"No change"
"268","ZW",2004,10,60,"Crops rainfed","Woodland",1.96821504,0.0157429603921428,"Woodland expansion"
"251","ZW",2004,30,30,"Crop-tree mosaic","Crop-tree mosaic",562.99896576,4.50320226126158,"No change"
"271","ZW",2004,30,60,"Crop-tree mosaic","Woodland",1.96821504,0.0157429603921428,"Woodland expansion"
"218","ZW",2004,60,10,"Woodland","Crops rainfed",4.29428736,0.0343482772192207,"Crops rainfed expansion"
"259","ZW",2004,60,30,"Woodland","Crop-tree mosaic",0.53678592,0.00429353465240259,"Crop-tree mosaic expansion"
"302","ZW",2004,60,60,"Woodland","Woodland",1399.84821504,11.1968227843572,"No change"
"315","ZW",2004,120,60,"Shrubland","Woodland",23.97643776,0.191777881140649,"Woodland expansion"
"370","ZW",2004,120,120,"Shrubland","Shrubland",9341.23804416,74.7168056102186,"No change"
"423","ZW",2004,120,190,"Shrubland","Built areas",0.08946432,0.000715589108733765,"Built areas expansion"
"320","ZW",2004,130,60,"Grassland","Woodland",0.08946432,0.000715589108733765,"Woodland expansion"
"399","ZW",2004,130,130,"Grassland","Grassland",134.6438016,1.07696160864432,"No change"
"403","ZW",2004,180,180,"Flooded Vegetation","Flooded Vegetation",3.22071552,0.0257612079144155,"No change"
"457","ZW",2004,190,190,"Built areas","Built areas",19.50322176,0.155998425703961,"No change"
"474","ZW",2004,200,200,"Bare areas","Bare areas",9.12536064,0.072990089090844,"No change"
"495","ZW",2004,210,210,"Water bodies","Water bodies",16.5508992,0.132383985115747,"No change"
"200","ZW",2005,10,10,"Crops rainfed","Crops rainfed",1002.8950272,8.02175390890551,"No change"
"270","ZW",2005,10,60,"Crops rainfed","Woodland",0.35785728,0.00286235643493506,"Woodland expansion"
"237","ZW",2005,30,30,"Crop-tree mosaic","Crop-tree mosaic",563.53575168,4.50749579591399,"No change"
"286","ZW",2005,60,60,"Woodland","Woodland",1428.38733312,11.4250957100433,"No change"
"355","ZW",2005,60,120,"Woodland","Shrubland",1.3419648,0.0107338366310065,"Shrubland expansion"
"433","ZW",2005,60,190,"Woodland","Built areas",0.08946432,0.000715589108733765,"Built areas expansion"
"277","ZW",2005,120,60,"Shrubland","Woodland",0.71571456,0.00572471286987012,"Woodland expansion"
"357","ZW",2005,120,120,"Shrubland","Shrubland",9340.61179392,74.7117964864575,"No change"
"443","ZW",2005,120,190,"Shrubland","Built areas",0.08946432,0.000715589108733765,"Built areas expansion"
"383","ZW",2005,130,130,"Grassland","Grassland",134.6438016,1.07696160864432,"No change"
"413","ZW",2005,180,180,"Flooded Vegetation","Flooded Vegetation",3.22071552,0.0257612079144155,"No change"
"434","ZW",2005,190,190,"Built areas","Built areas",19.59268608,0.156714014812695,"No change"
"479","ZW",2005,200,200,"Bare areas","Bare areas",9.12536064,0.072990089090844,"No change"
"496","ZW",2005,210,210,"Water bodies","Water bodies",16.5508992,0.132383985115747,"No change"
"211","ZW",2006,10,10,"Crops rainfed","Crops rainfed",1000.92681216,8.00601094851336,"No change"
"326","ZW",2006,10,60,"Crops rainfed","Woodland",2.14714368,0.0171741386096104,"Woodland expansion"
"256","ZW",2006,30,30,"Crop-tree mosaic","Crop-tree mosaic",562.55164416,4.49962431571792,"No change"
"283","ZW",2006,30,60,"Crop-tree mosaic","Woodland",0.98410752,0.00787148019607142,"Woodland expansion"
"330","ZW",2006,60,60,"Woodland","Woodland",1402.62160896,11.219006046728,"No change"
"372","ZW",2006,60,120,"Woodland","Shrubland",14.40375552,0.115209846506136,"Shrubland expansion"
"325","ZW",2006,120,60,"Shrubland","Woodland",15.29839872,0.122365737593474,"Woodland expansion"
"350","ZW",2006,120,120,"Shrubland","Shrubland",9317.35107072,74.5257433181867,"No change"
"382","ZW",2006,130,130,"Grassland","Grassland",134.6438016,1.07696160864432,"No change"
"412","ZW",2006,180,180,"Flooded Vegetation","Flooded Vegetation",3.22071552,0.0257612079144155,"No change"
"439","ZW",2006,190,190,"Built areas","Built areas",19.77161472,0.158145193030162,"No change"
"478","ZW",2006,200,200,"Bare areas","Bare areas",9.12536064,0.072990089090844,"No change"
"484","ZW",2006,210,210,"Water bodies","Water bodies",16.5508992,0.132383985115747,"No change"
"209","ZW",2007,10,10,"Crops rainfed","Crops rainfed",999.13752576,7.99169916633869,"No change"
"269","ZW",2007,10,60,"Crops rainfed","Woodland",1.87875072,0.0150273712834091,"Woodland expansion"
"263","ZW",2007,30,30,"Crop-tree mosaic","Crop-tree mosaic",562.55164416,4.49962431571792,"No change"
"204","ZW",2007,60,10,"Woodland","Crops rainfed",1.96821504,0.0157429603921428,"Crops rainfed expansion"
"267","ZW",2007,60,30,"Woodland","Crop-tree mosaic",3.39964416,0.0271923861318831,"Crop-tree mosaic expansion"
"289","ZW",2007,60,60,"Woodland","Woodland",1407.09482496,11.2547855021647,"No change"
"358","ZW",2007,60,120,"Woodland","Shrubland",7.51500288,0.0601094851336363,"Shrubland expansion"
"425","ZW",2007,60,190,"Woodland","Built areas",0.17892864,0.00143117821746753,"Built areas expansion"
"327","ZW",2007,120,60,"Shrubland","Woodland",6.2625024,0.0500912376113636,"Woodland expansion"
"368","ZW",2007,120,120,"Shrubland","Shrubland",9324.8660736,74.5858528033203,"No change"
"394","ZW",2007,130,130,"Grassland","Grassland",134.6438016,1.07696160864432,"No change"
"419","ZW",2007,180,180,"Flooded Vegetation","Flooded Vegetation",3.22071552,0.0257612079144155,"No change"
"435","ZW",2007,190,190,"Built areas","Built areas",19.77161472,0.158145193030162,"No change"
"469","ZW",2007,200,200,"Bare areas","Bare areas",9.12536064,0.072990089090844,"No change"
"497","ZW",2007,210,210,"Water bodies","Water bodies",16.5508992,0.132383985115747,"No change"
"206","ZW",2008,10,10,"Crops rainfed","Crops rainfed",985.36002048,7.88149844359369,"No change"
"306","ZW",2008,10,60,"Crops rainfed","Woodland",16.19304192,0.129521628680811,"Woodland expansion"
"244","ZW",2008,30,30,"Crop-tree mosaic","Crop-tree mosaic",573.10843392,4.5840638305485,"No change"
"316","ZW",2008,30,60,"Crop-tree mosaic","Woodland",0.80517888,0.00644030197860389,"Woodland expansion"
"229","ZW",2008,60,10,"Woodland","Crops rainfed",5.18893056,0.0415041683065584,"Crops rainfed expansion"
"246","ZW",2008,60,30,"Woodland","Crop-tree mosaic",1.7892864,0.0143117821746753,"Crop-tree mosaic expansion"
"303","ZW",2008,60,60,"Woodland","Woodland",1401.54803712,11.2104189774232,"No change"
"359","ZW",2008,60,120,"Woodland","Shrubland",3.04178688,0.024330029696948,"Shrubland expansion"
"255","ZW",2008,120,30,"Shrubland","Crop-tree mosaic",0.08946432,0.000715589108733765,"Crop-tree mosaic expansion"
"329","ZW",2008,120,60,"Shrubland","Woodland",25.85518848,0.206805252424058,"Woodland expansion"
"371","ZW",2008,120,120,"Shrubland","Shrubland",9303.57356544,74.4155425954417,"No change"
"207","ZW",2008,130,10,"Grassland","Crops rainfed",1.52089344,0.012165014848474,"Crops rainfed expansion"
"321","ZW",2008,130,60,"Grassland","Woodland",0.71571456,0.00572471286987012,"Woodland expansion"
"381","ZW",2008,130,130,"Grassland","Grassland",132.4071936,1.05907188092597,"No change"
"407","ZW",2008,180,180,"Flooded Vegetation","Flooded Vegetation",3.22071552,0.0257612079144155,"No change"
"437","ZW",2008,190,190,"Built areas","Built areas",19.95054336,0.15957637124763,"No change"
"475","ZW",2008,200,200,"Bare areas","Bare areas",9.12536064,0.072990089090844,"No change"
"493","ZW",2008,210,210,"Water bodies","Water bodies",16.5508992,0.132383985115747,"No change"
"202","ZW",2009,10,10,"Crops rainfed","Crops rainfed",990.28055808,7.92085584457405,"No change"
"279","ZW",2009,10,60,"Crops rainfed","Woodland",1.61035776,0.0128806039572078,"Woodland expansion"
"241","ZW",2009,30,30,"Crop-tree mosaic","Crop-tree mosaic",577.13432832,4.61626534044152,"No change"
"220","ZW",2009,60,10,"Woodland","Crops rainfed",1.43142912,0.0114494257397402,"Crops rainfed expansion"
"252","ZW",2009,60,30,"Woodland","Crop-tree mosaic",0.08946432,0.000715589108733765,"Crop-tree mosaic expansion"
"284","ZW",2009,60,60,"Woodland","Woodland",1437.15483648,11.4952234426992,"No change"
"356","ZW",2009,60,120,"Woodland","Shrubland",0.62625024,0.00500912376113636,"Shrubland expansion"
"421","ZW",2009,60,190,"Woodland","Built areas",0.08946432,0.000715589108733765,"Built areas expansion"
"332","ZW",2009,120,60,"Shrubland","Woodland",8.4991104,0.0679809653297077,"Woodland expansion"
"339","ZW",2009,120,120,"Shrubland","Shrubland",9288.27516672,74.2931768578482,"No change"
"395","ZW",2009,130,130,"Grassland","Grassland",132.4071936,1.05907188092597,"No change"
"416","ZW",2009,180,180,"Flooded Vegetation","Flooded Vegetation",3.22071552,0.0257612079144155,"No change"
"452","ZW",2009,190,190,"Built areas","Built areas",19.95054336,0.15957637124763,"No change"
"318","ZW",2009,200,60,"Bare areas","Woodland",0.26839296,0.0021467673262013,"Woodland expansion"
"473","ZW",2009,200,200,"Bare areas","Bare areas",8.85696768,0.0708433217646428,"No change"
"499","ZW",2009,210,210,"Water bodies","Water bodies",16.5508992,0.132383985115747,"No change"
"230","ZW",2010,10,10,"Crops rainfed","Crops rainfed",991.7119872,7.93230527031379,"No change"
"239","ZW",2010,30,30,"Crop-tree mosaic","Crop-tree mosaic",578.56575744,4.62771476618126,"No change"
"193","ZW",2010,60,10,"Woodland","Crops rainfed",0.17892864,0.00143117821746753,"Crops rainfed expansion"
"323","ZW",2010,60,60,"Woodland","Woodland",1447.62216192,11.5789473684211,"No change"
"369","ZW",2010,60,120,"Woodland","Shrubland",0.26839296,0.0021467673262013,"Shrubland expansion"
"401","ZW",2010,60,180,"Woodland","Flooded Vegetation",0.26839296,0.0021467673262013,"Flooded Vegetation expansion"
"319","ZW",2010,120,60,"Shrubland","Woodland",1.96821504,0.0157429603921428,"Woodland expansion"
"352","ZW",2010,120,120,"Shrubland","Shrubland",9288.99088128,74.2989015707181,"No change"
"391","ZW",2010,130,130,"Grassland","Grassland",132.4071936,1.05907188092597,"No change"
"420","ZW",2010,180,180,"Flooded Vegetation","Flooded Vegetation",3.22071552,0.0257612079144155,"No change"
"440","ZW",2010,190,190,"Built areas","Built areas",20.04000768,0.160291960356363,"No change"
"464","ZW",2010,200,200,"Bare areas","Bare areas",8.85696768,0.0708433217646428,"No change"
"489","ZW",2010,210,210,"Water bodies","Water bodies",16.5508992,0.132383985115747,"No change"
"233","ZW",2011,10,10,"Crops rainfed","Crops rainfed",991.89091584,7.93373644853125,"No change"
"240","ZW",2011,30,30,"Crop-tree mosaic","Crop-tree mosaic",578.56575744,4.62771476618126,"No change"
"215","ZW",2011,60,10,"Woodland","Crops rainfed",1.43142912,0.0114494257397402,"Crops rainfed expansion"
"235","ZW",2011,60,30,"Woodland","Crop-tree mosaic",0.98410752,0.00787148019607142,"Crop-tree mosaic expansion"
"310","ZW",2011,60,60,"Woodland","Woodland",1446.10126848,11.5667823535726,"No change"
"363","ZW",2011,60,120,"Woodland","Shrubland",1.43142912,0.0114494257397402,"Shrubland expansion"
"197","ZW",2011,120,10,"Shrubland","Crops rainfed",0.26839296,0.0021467673262013,"Crops rainfed expansion"
"247","ZW",2011,120,30,"Shrubland","Crop-tree mosaic",0.08946432,0.000715589108733765,"Crop-tree mosaic expansion"
"298","ZW",2011,120,60,"Shrubland","Woodland",0.53678592,0.00429353465240259,"Woodland expansion"
"351","ZW",2011,120,120,"Shrubland","Shrubland",9288.36463104,74.293892446957,"No change"
"379","ZW",2011,130,130,"Grassland","Grassland",132.4071936,1.05907188092597,"No change"
"406","ZW",2011,180,180,"Flooded Vegetation","Flooded Vegetation",3.5785728,0.0286235643493506,"No change"
"441","ZW",2011,190,190,"Built areas","Built areas",20.04000768,0.160291960356363,"No change"
"460","ZW",2011,200,200,"Bare areas","Bare areas",8.85696768,0.0708433217646428,"No change"
"494","ZW",2011,210,210,"Water bodies","Water bodies",16.5508992,0.132383985115747,"No change"
"205","ZW",2012,10,10,"Crops rainfed","Crops rainfed",994.03805952,7.95091058714086,"No change"
"265","ZW",2012,30,30,"Crop-tree mosaic","Crop-tree mosaic",583.57575936,4.66778775627035,"No change"
"216","ZW",2012,60,10,"Woodland","Crops rainfed",2.41553664,0.0193209059358117,"Crops rainfed expansion"
"262","ZW",2012,60,30,"Woodland","Crop-tree mosaic",1.61035776,0.0128806039572078,"Crop-tree mosaic expansion"
"305","ZW",2012,60,60,"Woodland","Woodland",1442.43323136,11.5374432001145,"No change"
"361","ZW",2012,60,120,"Woodland","Shrubland",0.17892864,0.00143117821746753,"Shrubland expansion"
"290","ZW",2012,120,60,"Shrubland","Woodland",0.26839296,0.0021467673262013,"Woodland expansion"
"367","ZW",2012,120,120,"Shrubland","Shrubland",9289.9749888,74.3067730509142,"No change"
"228","ZW",2012,130,10,"Grassland","Crops rainfed",3.39964416,0.0271923861318831,"Crops rainfed expansion"
"236","ZW",2012,130,30,"Grassland","Crop-tree mosaic",0.08946432,0.000715589108733765,"Crop-tree mosaic expansion"
"376","ZW",2012,130,130,"Grassland","Grassland",128.91808512,1.03116390568536,"No change"
"410","ZW",2012,180,180,"Flooded Vegetation","Flooded Vegetation",3.5785728,0.0286235643493506,"No change"
"448","ZW",2012,190,190,"Built areas","Built areas",20.04000768,0.160291960356363,"No change"
"465","ZW",2012,200,200,"Bare areas","Bare areas",8.85696768,0.0708433217646428,"No change"
"501","ZW",2012,210,210,"Water bodies","Water bodies",16.5508992,0.132383985115747,"No change"
"232","ZW",2013,10,10,"Crops rainfed","Crops rainfed",1000.6584192,8.00386418118716,"No change"
"261","ZW",2013,30,30,"Crop-tree mosaic","Crop-tree mosaic",591.44861952,4.73075959783892,"No change"
"213","ZW",2013,60,10,"Woodland","Crops rainfed",0.35785728,0.00286235643493506,"Crops rainfed expansion"
"278","ZW",2013,60,60,"Woodland","Woodland",1442.43323136,11.5374432001145,"No change"
"324","ZW",2013,120,60,"Shrubland","Woodland",2.6839296,0.021467673262013,"Woodland expansion"
"345","ZW",2013,120,120,"Shrubland","Shrubland",9287.46998784,74.2867365558696,"No change"
"446","ZW",2013,120,190,"Shrubland","Built areas",0.08946432,0.000715589108733765,"Built areas expansion"
"225","ZW",2013,130,10,"Grassland","Crops rainfed",0.08946432,0.000715589108733765,"Crops rainfed expansion"
"385","ZW",2013,130,130,"Grassland","Grassland",128.8286208,1.03044831657662,"No change"
"405","ZW",2013,180,180,"Flooded Vegetation","Flooded Vegetation",3.5785728,0.0286235643493506,"No change"
"438","ZW",2013,190,190,"Built areas","Built areas",20.04000768,0.160291960356363,"No change"
"472","ZW",2013,200,200,"Bare areas","Bare areas",8.85696768,0.0708433217646428,"No change"
"492","ZW",2013,210,210,"Water bodies","Water bodies",16.5508992,0.132383985115747,"No change"
"199","ZW",2014,10,10,"Crops rainfed","Crops rainfed",1000.74788352,8.0045797702959,"No change"
"311","ZW",2014,10,60,"Crops rainfed","Woodland",0.35785728,0.00286235643493506,"Woodland expansion"
"257","ZW",2014,30,30,"Crop-tree mosaic","Crop-tree mosaic",591.44861952,4.73075959783892,"No change"
"217","ZW",2014,60,10,"Woodland","Crops rainfed",0.53678592,0.00429353465240259,"Crops rainfed expansion"
"282","ZW",2014,60,60,"Woodland","Woodland",1443.86466048,11.5488926258542,"No change"
"322","ZW",2014,120,60,"Shrubland","Woodland",3.39964416,0.0271923861318831,"Woodland expansion"
"365","ZW",2014,120,120,"Shrubland","Shrubland",9283.80195072,74.2573974024115,"No change"
"392","ZW",2014,130,130,"Grassland","Grassland",128.8286208,1.03044831657662,"No change"
"418","ZW",2014,180,180,"Flooded Vegetation","Flooded Vegetation",3.5785728,0.0286235643493506,"No change"
"451","ZW",2014,190,190,"Built areas","Built areas",20.129472,0.161007549465097,"No change"
"463","ZW",2014,200,200,"Bare areas","Bare areas",8.85696768,0.0708433217646428,"No change"
"500","ZW",2014,210,210,"Water bodies","Water bodies",16.5508992,0.132383985115747,"No change"
"222","ZW",2015,10,10,"Crops rainfed","Crops rainfed",1001.28466944,8.0088733049483,"No change"
"248","ZW",2015,30,30,"Crop-tree mosaic","Crop-tree mosaic",591.44861952,4.73075959783892,"No change"
"292","ZW",2015,60,60,"Woodland","Woodland",1447.5326976,11.5782317793123,"No change"
"445","ZW",2015,60,190,"Woodland","Built areas",0.17892864,0.00143117821746753,"Built areas expansion"
"341","ZW",2015,120,120,"Shrubland","Shrubland",9283.80195072,74.2573974024115,"No change"
"398","ZW",2015,130,130,"Grassland","Grassland",128.8286208,1.03044831657662,"No change"
"402","ZW",2015,180,180,"Flooded Vegetation","Flooded Vegetation",3.5785728,0.0286235643493506,"No change"
"454","ZW",2015,190,190,"Built areas","Built areas",20.129472,0.161007549465097,"No change"
"471","ZW",2015,200,200,"Bare areas","Bare areas",8.85696768,0.0708433217646428,"No change"
"491","ZW",2015,210,210,"Water bodies","Water bodies",16.5508992,0.132383985115747,"No change"
"223","ZW",2016,10,10,"Crops rainfed","Crops rainfed",981.51305472,7.85072811191814,"No change"
"264","ZW",2016,10,30,"Crops rainfed","Crop-tree mosaic",3.39964416,0.0271923861318831,"Crop-tree mosaic expansion"
"297","ZW",2016,10,60,"Crops rainfed","Woodland",3.1312512,0.0250456188056818,"Woodland expansion"
"340","ZW",2016,10,120,"Crops rainfed","Shrubland",8.67803904,0.0694121435471752,"Shrubland expansion"
"388","ZW",2016,10,130,"Crops rainfed","Grassland",0.08946432,0.000715589108733765,"Grassland expansion"
"486","ZW",2016,10,210,"Crops rainfed","Water bodies",0.35785728,0.00286235643493506,"Water bodies expansion"
"219","ZW",2016,30,10,"Crop-tree mosaic","Crops rainfed",2.6839296,0.021467673262013,"Crops rainfed expansion"
"238","ZW",2016,30,30,"Crop-tree mosaic","Crop-tree mosaic",575.34504192,4.60195355826684,"No change"
"335","ZW",2016,30,60,"Crop-tree mosaic","Woodland",0.80517888,0.00644030197860389,"Woodland expansion"
"364","ZW",2016,30,120,"Crop-tree mosaic","Shrubland",2.41553664,0.0193209059358117,"Shrubland expansion"
"380","ZW",2016,30,130,"Crop-tree mosaic","Grassland",0.08946432,0.000715589108733765,"Grassland expansion"
"195","ZW",2016,60,10,"Woodland","Crops rainfed",3.39964416,0.0271923861318831,"Crops rainfed expansion"
"249","ZW",2016,60,30,"Woodland","Crop-tree mosaic",0.35785728,0.00286235643493506,"Crop-tree mosaic expansion"
"308","ZW",2016,60,60,"Woodland","Woodland",1416.6675072,11.3313535367992,"No change"
"343","ZW",2016,60,120,"Woodland","Shrubland",13.06179072,0.10447600987513,"Shrubland expansion"
"387","ZW",2016,60,130,"Woodland","Grassland",0.35785728,0.00286235643493506,"Grassland expansion"
"436","ZW",2016,60,190,"Woodland","Built areas",0.53678592,0.00429353465240259,"Built areas expansion"
"462","ZW",2016,60,200,"Woodland","Bare areas",0.08946432,0.000715589108733765,"Bare areas expansion"
"196","ZW",2016,120,10,"Shrubland","Crops rainfed",6.97821696,0.0558159504812337,"Crops rainfed expansion"
"258","ZW",2016,120,30,"Shrubland","Crop-tree mosaic",3.39964416,0.0271923861318831,"Crop-tree mosaic expansion"
"288","ZW",2016,120,60,"Shrubland","Woodland",20.21893632,0.161723138573831,"Woodland expansion"
"349","ZW",2016,120,120,"Shrubland","Shrubland",9224.75549952,73.7851085906473,"No change"
"377","ZW",2016,120,130,"Shrubland","Grassland",2.6839296,0.021467673262013,"Grassland expansion"
"400","ZW",2016,120,180,"Shrubland","Flooded Vegetation",0.08946432,0.000715589108733765,"Flooded Vegetation expansion"
"444","ZW",2016,120,190,"Shrubland","Built areas",1.07357184,0.00858706930480518,"Built areas expansion"
"467","ZW",2016,120,200,"Shrubland","Bare areas",0.26839296,0.0021467673262013,"Bare areas expansion"
"208","ZW",2016,130,10,"Grassland","Crops rainfed",0.35785728,0.00286235643493506,"Crops rainfed expansion"
"242","ZW",2016,130,30,"Grassland","Crop-tree mosaic",0.08946432,0.000715589108733765,"Crop-tree mosaic expansion"
"280","ZW",2016,130,60,"Grassland","Woodland",0.62625024,0.00500912376113636,"Woodland expansion"
"375","ZW",2016,130,120,"Grassland","Shrubland",1.52089344,0.012165014848474,"Shrubland expansion"
"390","ZW",2016,130,130,"Grassland","Grassland",125.60790528,1.00468710866221,"No change"
"409","ZW",2016,180,180,"Flooded Vegetation","Flooded Vegetation",3.5785728,0.0286235643493506,"No change"
"294","ZW",2016,190,60,"Built areas","Woodland",0.08946432,0.000715589108733765,"Woodland expansion"
"455","ZW",2016,190,190,"Built areas","Built areas",20.129472,0.161007549465097,"No change"
"470","ZW",2016,190,200,"Built areas","Bare areas",0.08946432,0.000715589108733765,"Bare areas expansion"
"353","ZW",2016,200,120,"Bare areas","Shrubland",0.17892864,0.00143117821746753,"Shrubland expansion"
"458","ZW",2016,200,190,"Bare areas","Built areas",0.35785728,0.00286235643493506,"Built areas expansion"
"481","ZW",2016,200,200,"Bare areas","Bare areas",8.32018176,0.0665497871122401,"No change"
"334","ZW",2016,210,60,"Water bodies","Woodland",0.08946432,0.000715589108733765,"Woodland expansion"
"366","ZW",2016,210,120,"Water bodies","Shrubland",0.71571456,0.00572471286987012,"Shrubland expansion"
"490","ZW",2016,210,210,"Water bodies","Water bodies",15.74572032,0.125943683137143,"No change"
"212","ZW",2017,10,10,"Crops rainfed","Crops rainfed",996.54306048,7.97094708218541,"No change"
"296","ZW",2017,10,60,"Crops rainfed","Woodland",3.5785728,0.0286235643493506,"Woodland expansion"
"254","ZW",2017,30,30,"Crop-tree mosaic","Crop-tree mosaic",594.4904064,4.75508962753587,"No change"
"336","ZW",2017,30,60,"Crop-tree mosaic","Woodland",2.14714368,0.0171741386096104,"Woodland expansion"
"221","ZW",2017,60,10,"Woodland","Crops rainfed",0.08946432,0.000715589108733765,"Crops rainfed expansion"
"281","ZW",2017,60,60,"Woodland","Woodland",1452.09537792,11.6147268238577,"No change"
"344","ZW",2017,60,120,"Woodland","Shrubland",0.17892864,0.00143117821746753,"Shrubland expansion"
"428","ZW",2017,60,190,"Woodland","Built areas",0.08946432,0.000715589108733765,"Built areas expansion"
"299","ZW",2017,120,60,"Shrubland","Woodland",18.42964992,0.147411356399156,"Woodland expansion"
"374","ZW",2017,120,120,"Shrubland","Shrubland",9254.27872512,74.0212529965294,"No change"
"427","ZW",2017,120,190,"Shrubland","Built areas",1.52089344,0.012165014848474,"Built areas expansion"
"337","ZW",2017,130,60,"Grassland","Woodland",0.08946432,0.000715589108733765,"Woodland expansion"
"386","ZW",2017,130,130,"Grassland","Grassland",129.54433536,1.03617302944649,"No change"
"408","ZW",2017,180,180,"Flooded Vegetation","Flooded Vegetation",3.31017984,0.0264767970231493,"No change"
"442","ZW",2017,180,190,"Flooded Vegetation","Built areas",0.35785728,0.00286235643493506,"Built areas expansion"
"456","ZW",2017,190,190,"Built areas","Built areas",22.18715136,0.177466098965974,"No change"
"430","ZW",2017,200,190,"Bare areas","Built areas",2.05767936,0.0164585495008766,"Built areas expansion"
"477","ZW",2017,200,200,"Bare areas","Bare areas",6.709824,0.0536691831550324,"No change"
"483","ZW",2017,210,210,"Water bodies","Water bodies",16.90875648,0.135246341550682,"No change"
"203","ZW",2018,10,10,"Crops rainfed","Crops rainfed",994.66430976,7.955919710902,"No change"
"274","ZW",2018,10,60,"Crops rainfed","Woodland",1.96821504,0.0157429603921428,"Woodland expansion"
"243","ZW",2018,30,30,"Crop-tree mosaic","Crop-tree mosaic",590.19611904,4.72074135031665,"No change"
"287","ZW",2018,30,60,"Crop-tree mosaic","Woodland",4.29428736,0.0343482772192207,"Woodland expansion"
"333","ZW",2018,60,60,"Woodland","Woodland",1475.89288704,11.8050735267809,"No change"
"422","ZW",2018,60,190,"Woodland","Built areas",0.80517888,0.00644030197860389,"Built areas expansion"
"210","ZW",2018,120,10,"Shrubland","Crops rainfed",0.62625024,0.00500912376113636,"Crops rainfed expansion"
"304","ZW",2018,120,60,"Shrubland","Woodland",28.27072512,0.22612615835987,"Woodland expansion"
"347","ZW",2018,120,120,"Shrubland","Shrubland",9223.23460608,73.7729435757988,"No change"
"424","ZW",2018,120,190,"Shrubland","Built areas",2.32607232,0.0186053168270779,"Built areas expansion"
"307","ZW",2018,130,60,"Grassland","Woodland",0.08946432,0.000715589108733765,"Woodland expansion"
"384","ZW",2018,130,130,"Grassland","Grassland",129.45487104,1.03545744033776,"No change"
"411","ZW",2018,180,180,"Flooded Vegetation","Flooded Vegetation",3.1312512,0.0250456188056818,"No change"
"426","ZW",2018,180,190,"Flooded Vegetation","Built areas",0.17892864,0.00143117821746753,"Built areas expansion"
"450","ZW",2018,190,190,"Built areas","Built areas",26.21304576,0.209667608858993,"No change"
"429","ZW",2018,200,190,"Bare areas","Built areas",3.39964416,0.0271923861318831,"Built areas expansion"
"468","ZW",2018,200,200,"Bare areas","Bare areas",3.31017984,0.0264767970231493,"No change"
"487","ZW",2018,210,210,"Water bodies","Water bodies",16.90875648,0.135246341550682,"No change"
